200049798-00171154,东莞快意,Y1.0F3-H,1,DNN,,DC110V,480*7*12*18-3M,有,CTRL90,海1387,10米,,"DOVER英文铭牌,主机型号打印为SC80L,载重打印2050kg","V型槽，β=103，γ=50，全英文资料，防护罩防护罩WYT-Y2D-FHZ.4，右置，包角＞145°NSK轴承,DOVER包装箱",2015/1/15,,,16E3B2A,,,,,华南
YN141217B,奥利夫,TA1.0C-H,1,MC,,DC220V,400*5*10*16,有,蓝光一体化,海1387,10米,,蓝光铭牌,D型,2015/1/8,,,BLB,,,,,北方
YE150105E,奥玛斯电梯（苏州）,TA1.0B-H,1,MC,,DC110V,400*4*10*16,有,默纳克,海1387,7米,,蓝光铭牌,D型  ,2015/1/6,,,BLB,,,20150102,,华东1
YE150202A,奥玛斯电梯（苏州）,TA1.0C-H,1,MC,,DC110V,400*5*10*16,有,默纳克,海1387,7米,,蓝光铭牌,D型  ,2015/2/2,,,BLB,,,20150119,,华东1
YE150205H,奥玛斯电梯（苏州）,TA1.0D-H,1,MC,,DC110V,400*5*10*16,无,默纳克,海1387,7米,,蓝光铭牌  铭牌打2000KG 0.5M/S 4:1,D型,2015/2/6,,,BLB,,,20150204,,华东1
YE150105D,奥玛斯电梯（苏州）,TA1.0E-H,1,MC,,DC110V,400*5*10*16,无,默纳克,海1387,7米,,蓝光铭牌,D型,2015/1/6,,,BLB,,,20150101,,华东1
YE150119G,奥玛斯电梯（苏州）,TA1.75E-H,1,MC,,DC110V,400*5*10*16,有,默纳克,海1387,7米,,蓝光铭牌 ,D型,2015/1/21,,,BLB,,,20150110,,华东1
YE150126G,奥瑞斯电梯,TA1.0A-H,1,MC,,DC110V,400*4*10*16,无,默纳克,海1387,7米,,蓝光铭牌 ,D型,2015/1/27,,,BLB,,,A15-K-0179,,华东1
YE150116D,奥瑞斯电梯,TA1.0C-H,1,MC,,DC110V,400*5*10*16,有,默纳克,海1387,7米,,蓝光铭牌 ,D型,2015/1/19,,,BLB,,,A14-K-0099,,华东1
YE150302Ja,奥瑞斯电梯,U1.0DS-H,1,MM,,DC110V,480*7*12*18,有,默纳克,海1387,7米,,蓝光铭牌 ,D型,2015/3/3,,,BLB,,,A15-K-0199,,华东1
YN150209A,北方个人,DZE-14EAS,1,,,DC110V,,,,,,,,木箱包装,2015/2/9,,,,,,,,北方
YN150309B,北方个人,DZE-14EB2S,1,,,AC220V,,,,,,,,木箱包装，上出线,2015/3/9,,,,,,,,北方
YN150107B,北方个人,DZE-16E3B2,1,,,AC220V,,,,,,,,木包装 上出线,2015/1/7,,,,,,,,北方
200050630-00087683,东莞快意,Y2.5BC3-H,4,ANN,单,DC110V,410*6*10*16-3R,有,CTRL70A,海1387,10米,,蓝光英文铭牌,V型槽，β=103，γ=50，全英文资料，WYT-Y1C-FHZ.5防护罩， 左置，包角>145度，NSK轴承,2015/1/27,,,16E3B2A,,,,,华南
200051850-00087683,东莞快意,Y2.5BC3-H,4,ANN,单,DC110V,410*6*10*16-3R,有,CTRL70A,海1387,10米,,蓝光英文铭牌,V型槽，β=103，γ=50，全英文资料，WYT-Y1C-FHZ.5防护罩， 左置，包角>145度，NSK轴承,2015/3/9,,,16E3B2A,,,,,华南
YS150114J,长沙能达电梯,S1.75C-N,1,BCC,,AC220V,400*5*10*16,有,富士,多8192,7米,,蓝光铭牌,,2015/1/15,,,14EB2,,,,,华南
YS150302A,长沙能达电梯,TA1.75C-H,4,MC,,DC110V,400*5*10*16,有,CV,海1387,7米,,蓝光铭牌,,2015/3/3,,,BLB,,,,,华南
PO01501240003,广州广日,S1.75D-N,1,BCC,,DC110V,V400*5*10*16,有,华为,多8192,7米,,广日铭牌，作业号：16804638G,提供原点值,2015/1/28,,豆绿色,14EA,,,,,华南
PO01502020025.1,广州广日,TA1.0B-H,1,MC,,DC110V,V400*5*8*14-2M,无,新时达,海1387,7米,,广日铭牌，作业号：16818488A ,D型，提供原点值，β85 γ50 V型，防护罩用WYT-TA.6B,2015/2/2,,豆绿色,BLB,,,,,华南
PO01501160063.6,广州广日,TA1.0C-H,1,MC,,DC110V,V400*5*8*14-2M,无,新时达,海1387,7米,,广日铭牌，作业号：16818488D 载重打印825KG,D型，提供原点值，β85 γ50 V型，防护罩用WYT-TA.6B,2015/1/16,,豆绿色,BLB,,,,,华南
PO01501060059.1,广州广日,TA1.0D-H,2,MC,,DC110V,V400*6*8*14-2L,无,新时达,海1387,7米,,广日铭牌，作业号：16818488G 载重打印1050KG,D型，提供原点值，β85 γ50 V型，防护罩用WYT-TA.6B,2015/1/7,,豆绿色,BLB,,,,,华南
PO01503030009.4,广州广日,TA1.0E-H,1,MC,,DC110V,V400*6*8*14-2L,无,新时达,海1387,7米,,广日铭牌，作业号：16818488K,D型，提供原点值，β85 γ50 V型，防护罩用WYT-TA.6B,2015/3/5,,豆绿色,BLB,,,,,华南
PO01501050060.6,广州广日,TA1.75D-H,2,MC,,DC110V,V400*6*8*14-2L,无,新时达,海1387,7米,,广日铭牌，作业号：16818488H 载重打印1050KG,D型，提供原点值，β85 γ50 V型，防护罩用WYT-TA.6B,2015/1/5,,豆绿色,BLB,,,,,华南
YN150121D,大连李尔,TA1.0C-H,1,MC,,DC110V,400*4*10*16,无,新时达,海1387,7米,,蓝光铭牌,D型,2015/1/23,,,BLB,,,,,北方
YE2015-D00001,大众电梯,TA1.0D-H,1,MC,,DC110V,400*5*10*16,有,蓝光一体化,海1387,7米,,大众铭牌,D型,2015/3/5,,,BLB,,,2015-D00001,,华东1
YE150303D,德尔法电梯,S1.0B-H,1,BCC,,DC110V,400*4*10*16,无,默纳克,海1387,7米,7米,蓝光英文铭牌,D型，S出口包装,2015/3/5,,,14EA,,,D000525E,,华东1
YE150211B,德尔法电梯,S2.0D-H,4,BCC,,DC110V,400*5*10*16,有,默纳克,海1387,7米,,蓝光铭牌,D型,2015/2/12,,,14EA,,,D000518-521,,华东1
YE150303E,德尔法电梯,TA1.0B-H,1,MC,,DC110V,400*4*10*16,有,默纳克,海1387,7米,,蓝光英文铭牌,D型，TA出口包装,2015/3/5,,,BLB,,,D000526E,,华东1
YE150305F,德尔法电梯,U1.0DS-H,1,MM,,DC110V,480*7*12*18,有,默纳克,海1387,7米,,蓝光英文铭牌，铭牌打1250KG,"D型, U型出口包装",2015/3/6,,,BLB,,,D000527K,,华东1
YE141231A,德森克,TA1.0B-H,1,MC,,DC110V,400*4*10*16,无,默纳克,海1387,7米,,蓝光铭牌,D型 ,2015/1/5,,,BLB,,,D2144,,华东1
YE150302Ga,德森克,TA1.0C-H,1,MC,,DC110V,400*5*10*16,无,默纳克,海1387,7米,,德森克铭牌，出厂编码打K2029,D型 ,2015/3/3,,,BLB,,,K2029,,华东1
YE150112M,德森克,TA1.0D-H,1,MC,,DC110V,400*5*10*16,有,默纳克,海1387,7米,,蓝光铭牌,D型 ,2015/1/13,,,BLB,,,D2203,,华东1
YE150205G,德森克,TA1.5D-H,1,MC,,DC110V,400*5*10*16,有,默纳克,海1387,7米,,德森克铭牌，出厂编码打D2143,D型 ,2015/2/6,,,BLB,,,D2143,,华东1
YE150106L,德森克,TA2.0C-H,1,MC,,DC110V,400*5*10*16,有,默纳克,海1387,7米,,蓝光铭牌,D型 ,2015/1/8,,,BLB,,,D2182,,华东1
YE150106M,德森克,TA2.0D-H,1,MC,,DC110V,400*5*10*16,有,默纳克,海1387,7米,,蓝光铭牌,D型 ,2015/1/8,,,BLB,,,D2183,,华东1
YE150204E,德森克,U1.0ES-H,1,MM,,DC110V,480*7*12*18,有,默纳克,海1387,7米,,德森克铭牌，出厂编码打D2287,D型 ,2015/2/5,,,BLB,,,D2287,,华东1
YE150107E,东奥克虏伯,TA1.0C-H,1,MC,,DC110V,400*5*10*16,无,蓝光一体化,海1387,8米,,蓝光铭牌,D型,2015/1/8,,,BLB,,,20141222-2,,华东1
YS150302G,东莞华图仕,TA1.0D-H,5,MC,,DC110V,400*5*10*16,有,默纳克,海1387,7米,,蓝光铭牌,D型 ,2015/3/3,,,BLB,,,,,华南
YS150302F,东莞华图仕,TA1.75D-H,5,MC,,DC110V,400*5*10*16,有,默纳克,海1387,7米,,蓝光铭牌,D型 ,2015/3/3,,,BLB,,,,,华南
PO01503020052.5,广州广日,TA1.75E-H,7,MC,,DC110V,400*6*10*16-2I,有,新时达,海1387,7米,,广日铭牌，作业号：16815735L,D型，提供原点值，β105 γ40  ,2015/3/3,,豆绿色,BLB,,,,,华南
PO01501060059.3,广州广日,TA2.0D-H,8,MC,,DC110V,V400*5*10*16,有,新时达,海1387,7米,,广日铭牌，作业号：16815735J，载重打印1050KG,D型，提供原点值，β105 γ40 ,2015/1/7,,豆绿色,BLB,,,,,华南
PO01501050060.7,广州广日,TC1.75C-H,15,,,DC110V,V400*5*10*16,有,新时达,海1387,7米,,广日铭牌，铭牌载重打印825KG，作业号：16812648A,D型，提供原点值，β105 γ40 ,2015/1/5,,豆绿色,BLB,,,,,华南
YS150202G,东莞三洋,S1.5C-H,1,BCC,,AC220V,400*5*10*16,有,新时达,海1387,7米,,东莞三洋监制铭牌,D型 ,2015/2/3,,,14EB2,,,A.2015.01.043,,华南
YS150107B,东莞三洋,S1.75D-H,1,BCC,,AC220V,400*5*10*16,有,新时达,海1387,7米,,东莞三洋监制铭牌,D型,2015/1/8,,,14EB2,,,A.2010.10.042补,,华南
YS150107C,东莞三洋,TA1.5C-H,3,MC,,DC110V,400*5*10*16,有,默纳克,海1387,7米,,东莞三洋监制铭牌,D型,2015/1/8,,,BLB,,,A.2015.01.002-004 ,,华南
YS150127C,东莞三洋,TA1.5D-H,1,MC,,DC110V,400*5*10*16,有,新时达,海1387,7米,,东莞三洋监制铭牌,D型,2015/1/28,,,BLB,,,A.2015.01.034,,华南
YS150210A,东莞三洋,TA1.75C-H,1,MC,,DC110V,400*5*10*16,有,新时达,海1387,7米,,东莞三洋监制铭牌,D型,2015/2/11,,,BLB,,,A.2015.02.005,,华南
YS150107J,东莞三洋,TA1.75D-H,1,MC,,DC110V,400*5*10*16,有,默纳克,海1387,7米,,东莞三洋监制铭牌,D型,2015/1/8,,,BLB,,,东莞科迈电梯,,华南
YS150107K,东莞三洋,U1.75ES-H,1,MM,,DC110V,480*7*12*18,有,默纳克,海1387,7米,,东莞三洋监制铭牌,D型,2015/1/8,,,BLB,,,东莞科迈电梯,,华南
YS141231B,佛山南海赛奇,TA1.6C-H,2,MC,,DC110V,400*5*10*16,有,默纳克,海1387,7米,,蓝光铭牌,D型 ,2015/1/5,,,BLB,,,K0425-0426,,华南
YS150126I,佛山住友富士,S1.5D-H,1,BCC,,AC220V,400*5*10*16,有,新时达,海1387,7米,,蓝光铭牌，铭牌载重1050KG,D型，主机颜色为黑色，代码为1.06.578,2015/1/27,,信号黑色,14EB2,,,1412063,,华南
YS141230A,佛山住友富士,TA1.0C-H,1,MC,,DC110V,400*5*10*16,有,默纳克,海1387,7米,,蓝光铭牌，载重打印825KG,D型，主机颜色为黑色，代码为1.06.578,2015/1/5,,信号黑色,BLB,,,1412092,,华南
YS141230B,佛山住友富士,TA1.0D-H,1,MC,,DC110V,400*5*10*16,有,默纳克,海1387,7米,,蓝光铭牌，载重打印1050KG,D型，主机颜色为黑色，代码为1.06.578,2015/1/5,,信号黑色,BLB,,,1412093,,华南
YS150309F,佛山住友富士,TA1.5C-H,1,MC,,DC110V,400*5*10*16,有,默纳克,海1387,7米,,蓝光铭牌，载重打印825KG,D型，主机颜色为黑色，代码为1.06.578,2015/3/11,,信号黑色,BLB,,,1503003,,华南
YS150302D,佛山住友富士,TA1.5D-H,1,MC,,DC110V,400*5*10*16,有,默纳克,海1387,7米,,蓝光铭牌，铭牌载重1050KG,D型，主机颜色为黑色，代码为1.06.578,2015/3/3,,信号黑色,BLB,,,1412122,,华南
YS150104C,佛山住友富士,TA1.6C-H,1,MC,,DC110V,400*5*10*16,有,默纳克,海1387,7米,,蓝光铭牌，载重打印825KG,D型，主机颜色为黑色，代码为1.06.578,2015/1/5,,信号黑色,BLB,,,1411045-46,,华南
YS150310F,佛山住友富士,TA1.6D-H,1,MC,,DC110V,400*5*10*16,有,默纳克,海1387,7米,,蓝光铭牌，铭牌载重1050KG,D型，主机颜色为黑色，代码为1.06.578,2015/3/11,,信号黑色,BLB,,,1503011,,华南
YS150105C,广东广船,TA0.5D-H,1,MC,,DC110V,400*5*10*16,无,默纳克,海1387,7米,,蓝光铭牌,D型,2015/1/6,,,BLB,,,14833627a L1#,,华南
YS150126E,广东广船,TA1.0B-H,1,MC,,DC110V,400*4*10*16,有,默纳克,海1387,7米,,蓝光英文铭牌，铭牌打印545KG,D型,2015/1/26,,,BLB,,,15833511    L1#,,华南
YS150105B,广东广船,TA1.0D-H,1,MC,,DC110V,400*5*10*16,无,默纳克,海1387,7米,,蓝光铭牌,D型,2015/1/6,,,BLB,,,14833579 L9#,,华南
YS150128F,广东广船,TA1.5D-H,1,MC,,DC110V,400*5*10*16,有,默纳克,海1387,7米,,蓝光铭牌,D型,2015/1/29,,,BLB,,,14833615 L1#,,华南
YS150126F,广东广船,TA1.75C-H,2,MC,,DC110V,400*5*10*16,有,默纳克,海1387,7米,,蓝光英文铭牌，铭牌打印750KG,D型,2015/1/26,,,BLB,,,15833514 L1-L2,,华南
YS150105A,广东广船,TA1.75DL-H,8,MC,,DC110V,480*5*10*16,有,默纳克,海1387,7米,,蓝光铭牌,D型 ,2015/1/6,,,BLB,,,14833597   L1-L8,,华南
YS150309A,广东华凯,U1.0ES-H,1,MM,,DC110V,480*7*12*18,有,默纳克,海1387,7米,,蓝光铭牌,D型,2015/3/9,,,BLB,,,K201503003,,华南
YS150204A,广东华凯,U1.75DS-H,1,MM,,DC110V,480*7*12*18,有,默纳克,海1387,7米,,"蓝光铭牌,铭牌梯速打1.5M/S ",D型,2015/2/5,,,BLB,,,K201501018,,华南
YS150304D,广东皇朝富士,TA1.0A-H,1,MC,,DC110V,400*4*10*16,有,新时达,海1387,7米,,蓝光铭牌，铭牌打400KG,D型,2015/3/5,,,BLB,,,K150227-1,,华南
YS150305B,广东皇朝富士,TA1.0B-H,1,MC,,DC110V,400*4*10*16,有,新时达,海1387,7米,,蓝光铭牌，铭牌载重打印为525KG,D型,2015/3/5,,,BLB,,,K150303-1,,华南
YS150309G,广东皇朝富士,TA1.0D-H,1,MC,,DC110V,400*5*10*16,有,新时达,海1387,7米,,蓝光铭牌,D型,2015/3/9,,,BLB,,,K150304-1,,华南
YS150116C,广东皇朝富士,TA1.5B-H,1,MC,,DC110V,400*4*10*16,有,新时达,海1387,7米,,蓝光铭牌,D型,2015/1/20,,,BLB,,,K150114-1,,华南
YS150126D,广东皇朝富士,TA1.5C-H,1,MC,,DC110V,400*5*10*16,有,默纳克,海1387,7米,,蓝光铭牌,D型,2015/1/26,,,BLB,,,K150123-1,,华南
YS150109B,广东皇朝富士,TA1.5D-H,1,MC,,DC110V,400*5*10*16,有,新时达,海1387,7米,,蓝光铭牌,D型,2015/1/14,,,BLB,,,K150104-2,,华南
YS150305D,广东皇朝富士,TA1.6D-H,1,MC,,DC110V,400*5*10*16,有,新时达,海1387,7米,,蓝光铭牌,D型,2015/3/6,,,BLB,,,K150305-2,,华南
YS150304E,广东皇朝富士,U1.0ES-H,1,MM,,DC110V,480*6*12*18,有,新时达,海1387,7米,,蓝光铭牌,D型,2015/3/5,,,BLB,,,K150126-1,,华南
YS150119J,广东莱孚,TA1.5D-H,1,MC,,DC110V,400*5*10*16,有,默纳克,海1387,7米,,蓝光铭牌,D型,2015/1/20,,,BLB,,,,,华南
YS150309E,广东朗格斯,T1.0AM-H,1,MC,,DC110V,325*4*8*12,有,蓝光一体化,海1387,7米,,蓝光铭牌,D型,2015/3/10,,,BLB,,,K201501010,,华南
YS150202H,广东朗格斯,TA0.5D-H,1,MC,,DC110V,400*5*10*16,有,默纳克,海1387,7米,,蓝光铭牌,D型,2015/2/3,,,BLB,,,H201501008,,华南
YS150129D,广东朗格斯,TA1.0A-H,1,MC,,DC110V,400*4*10*16,有,默纳克,海1387,7米,,蓝光铭牌,D型,2015/2/2,,,BLB,,,K201501010,,华南
YS150112A,广东朗格斯,TA1.0B-H,1,MC,,DC110V,400*4*10*16,有,默纳克,海1387,7米,,蓝光铭牌,D型,2015/1/13,,,BLB,,,K201412028,,华南
YS150203E,广东朗格斯,TA1.0C-H,1,MC,,DC110V,400*5*10*16,有,默纳克,海1387,7米,,蓝光铭牌,D型,2015/2/6,,,BLB,,,,,华南
YS150302K,广东朗格斯,TA1.5C-H,1,MC,,DC110V,400*5*10*16,有,蓝光一体化,海1387,7米,,蓝光铭牌，铭牌载重825KG,D型,2015/3/3,,,BLB,,,,,华南
YS150119H,广东朗格斯,TA2.0D-H,1,MC,,DC110V,400*5*10*16,有,蓝光一体化,海1387,7米,,蓝光铭牌，铭牌载重2000KG，速度1.0M/S，曳引比4：1,D型,2015/1/19,,,BLB,,,K201501003,,华南
YS150114H,广东联合富士,TA1.0B-H,1,MC,,DC110V,400*4*10*16,有,默纳克,海1387,7米,,蓝光铭牌,D型,2015/1/15,,,BLB,,,502008,,华南
YS150302J,广东联合富士,TA1.0C-H,1,MC,,DC110V,400*5*10*16,有,默纳克,海1387,7米,,蓝光铭牌,D型，主机电压AC220V,2015/3/3,AC220V,,BLB,,,503008,,华南
YS150104H,广东联合富士,TA1.0D-H,1,MC,,DC110V,400*5*10*16,有,默纳克,海1387,7米,,"蓝光铭牌,铭牌载重打印1050KG",D型,2015/1/5,,,BLB,,,402298,,华南
YS150126J,广东联合富士,TA1.0E-H,1,MC,,DC110V,400*5*10*16,无,默纳克,海1387,7米,,蓝光铭牌,D型,2015/1/27,,,BLB,,,502001,,华南
YS150129B,广东联合富士,TA1.6B-H,1,MC,,DC110V,400*4*10*16,有,默纳克,海1387,7米,,"蓝光铭牌,铭牌梯速打1.5M/S ",D型，主机电压AC220V,2015/1/30,AC220V,,BLB,,,503003,,华南
YS150205I,广东联合富士,TA1.6D-H,1,MC,,DC110V,400*5*10*16,有,默纳克,海1387,7米,,蓝光铭牌，铭牌梯速打1.5M/S,D型,2015/2/6,,,BLB,,,502053,,华南
YS150205G,广东联合富士,TA1.6E-H,1,MC,,DC110V,400*5*10*16,有,默纳克,海1387,7米,,蓝光铭牌，铭牌梯速打1.5M/S ,D型,2015/2/6,,,BLB,,,502060,,华南
YS150113I,广东联合富士,TA1.75D-H,1,MC,,DC110V,400*5*10*16,有,默纳克,海1387,7米,,蓝光铭牌,D型,2015/1/14,,,BLB,,,402270,,华南
YS150114F,广东联合通用,TA1.0C-H,1,MC,,DC110V,V400*5*10*16,有,新时达,海1387,7米,,蓝光铭牌,D型，β105 γ40 ,2015/1/16,,中酞兰,BLB,,,,,华南
YS150106C,广东铃木,TA1.5C-H,3,MC,,DC110V,400*5*10*16,有,默纳克,海1387,7米,,蓝光铭牌,D型,2015/1/8,,,BLB,,,2-1412174-76,,华南
YS150130A,广东辛格林,U1.75ES-H,1,MM,,DC110V,480*7*12*18,无,默纳克,海1387,10米,,蓝光铭牌，铭牌梯速打印1.5M/S,D型,2015/2/2,,,BLB,,,SGL20150127-1,,华南
YS150303C,广东新力欧菲尔,S1.0B-H,1,BCC,,DC110V,400*4*10*16,有,默纳克,海1387,8米,,蓝光铭牌,D型,2015/3/4,,,14EA,,,15037# ,,华南
YS150122C,广东新力欧菲尔,S1.0C-H,2,BCC,,DC110V,400*5*10*16,有,默纳克,海1387,8米,,蓝光铭牌,D型 ,2015/1/23,,,14EA,,,15002# 15003#,,华南
YS150202C,广东亚太西奥,S1.5C-H,1,BCC,,DC110V,400*5*10*16,有,默纳克,海1387,7米,,广东亚太西奥铭牌,D型,2015/2/3,,,14EA,,,XAK20150116-9,,华南
YS150127A,广东亚太西奥,S1.5D-H,3,BCC,,DC110V,400*5*10*16,有,默纳克,海1387,7米,,广东亚太西奥铭牌,D型 ,2015/1/27,,,14EA,,,XAK20150116-6-8,,华南
YS150112C,广东亚太西奥,S1.6D-N,1,BCC,,AC220V,400*5*10*16,有,富士,多8192,7米,,蓝光铭牌,,2015/1/13,,,14EB2,,,XAK20150109-1,,华南
YS150202A,广东亚太西奥,S1.75C-H,2,BCC,,DC110V,400*5*10*16,有,默纳克,海1387,7米,,广东亚太西奥铭牌,D型,2015/2/3,,,14EA,,,XAK20150116-4-5,,华南
YS150113H,广东亚太西奥,S1.75D-H,4,BCC,,DC110V,400*5*10*16,有,默纳克,海1387,7米,,广东亚太西奥铭牌,D型,2015/1/14,,,14EA,,,XAK20150108-1-4,,华南
YS150107G,广东亚太西奥,TA1.0A-H,1,MC,,DC110V,400*4*10*16,有,默纳克,海1387,7米,,蓝光铭牌,D型,2015/1/8,,,BLB,,,XAK20150105-1,,华南
YS150104E,广东亚太西奥,TA1.0B-H,1,MC,,DC110V,400*4*10*16,有,默纳克,海1387,7米,,广东亚太西奥铭牌,D型,2015/1/5,,,BLB,,,XAK20141229-1,,华南
YS141231A,广东亚太西奥,TA1.0C-H,1,MC,,DC110V,400*5*10*16,有,默纳克,海1387,7米,,广东亚太西奥铭牌,D型,2015/1/5,,,BLB,,,XAK20141223-2,,华南
YS150205D,广东亚太西奥,TA1.0D-H,1,MC,,DC110V,400*5*10*16,有,默纳克,海1387,7米,,广东亚太西奥铭牌,D型,2015/2/6,,,BLB,,,XAK20150203-1,,华南
YS150107H,广东亚太西奥,TA1.5C-H,1,MC,,DC110V,400*5*10*16,有,默纳克,海1387,7米,,广东亚太西奥铭牌,D型,2015/1/8,,,BLB,,, XAK20141230-9,,华南
YS150202F,广东亚太西奥,TA1.5D-H,1,MC,,DC110V,400*5*10*16,有,默纳克,海1387,7米,,广东亚太西奥铭牌,D型,2015/2/3,,,BLB,,,XAK20150121-2,,华南
YS141231D,广东亚太西奥,TA1.5E-H,1,MC,,DC110V,400*5*10*16,有,默纳克,海1387,7米,,蓝光铭牌,D型,2015/1/5,,,BLB,,,XAK20141223-2,,华南
YS150115A,广东亚太西奥,TA1.75C-H,1,MC,,DC110V,400*5*10*16,有,默纳克,海1387,7米,,广东亚太西奥铭牌,D型,2015/1/15,,,BLB,,,XAK20150108-6,,华南
YS150121A,广东亚太西奥,TA1.75D-H,1,MC,,DC110V,400*5*10*16,有,默纳克,海1387,7米,,广东亚太西奥铭牌,D型,2015/1/21,,,BLB,,,XAK20150108-7,,华南
YS150107D,广东亚太西奥,U1.0DS-H,1,MM,,DC110V,480*7*12*18,有,默纳克,海1387,7米,,蓝光铭牌,D型,2015/1/8,,,BLB,,,XAK20141230-5,,华南
YS141231B,广东亚太西奥,U1.0ES-H,2,MM,,DC110V,480*7*12*18,有,默纳克,海1387,7米,,蓝光铭牌,D型,2015/1/5,,,BLB,,,XAB20141215-4/5,,华南
YS150122A,广州东方,TA1.0B-H,1,MC,,DC110V,400*4*10*16,有,新时达,海1387,7米,,蓝光铭牌,D型，主机下置，带盘车装置,2015/1/23,,,BLB,,,15T5920010,,华南
YS150122B,广州东方,TA1.0C-H,1,MC,,DC110V,400*5*10*16,有,新时达,海1387,7米,,蓝光铭牌,D型，主机下置，带盘车装置,2015/1/23,,,BLB,,,15T5920009,,华南
YS150128B,广州东方,TA1.0D-H,1,MC,,DC110V,400*5*10*16,有,新时达,海1387,7米,,蓝光铭牌,D型，主机下置，带盘车装置,2015/1/29,,,BLB,,,15T7730013,,华南
PO01503100019.3,广州广日,TC1.75E-H,1,,,DC110V,400*6*10*16-2I,有,新时达,海1387,7米,,广日铭牌，作业号：16812648F,D型，提供原点值，β105 γ40 ,2015/3/11,,豆绿色,BLB,,,,,华南
预投YS150106.23,广州广日,TA1.0B-H,10,MC,,DC110V,V400*4*10*16,有,新时达,海1387,7米,,广日铭牌，作业号：16814992A,D型，提供原点值，β105 γ40 ,2015/1/6,,豆绿色,BLB,,,,,华南
预投YS150106.24,广州广日,TA1.0B-H,10,MC,,DC110V,V400*4*10*16,有,新时达,海1387,7米,,广日铭牌，作业号：16815735A,D型，提供原点值，β105 γ40 ,2015/1/6,,豆绿色,BLB,,,,,华南
PO01503050016.5,广州广日,U1.0DS-H,1,MM,,DC110V,V480*7*10*16-2I,有,新时达,海1387,7米,,广日铭牌，作业号：16814997A,D型，提供原点值，V型带切口:100°、50°,2015/3/5,,豆绿色,BLB,,,,,华南
预投YS150106.13,广州广日,TA1.0C-H,20,MC,,DC110V,V400*5*10*16,有,新时达,海1387,7米,,广日铭牌，作业号：16814992D,D型，提供原点值，β105 γ40 ,2015/1/6,,豆绿色,BLB,,,,,华南
预投YS150106.14,广州广日,TA1.0C-H,20,MC,,DC110V,V400*5*10*16,有,新时达,海1387,7米,,广日铭牌，铭牌载重打印825KG，作业号：16815735D,D型，提供原点值，β105 γ40 ,2015/1/6,,豆绿色,BLB,,,,,华南
PO01503050016.6,广州广日,U1.0ES-H,1,MM,,DC110V,V480*7*10*16-2I,有,新时达,海1387,7米,,广日铭牌，作业号：16814997E,D型，提供原点值，V型带切口:100°、50°,2015/3/5,,豆绿色,BLB,,,,,华南
预投YS150106.15,广州广日,TA1.0D-H,20,MC,,DC110V,V400*5*10*16,有,新时达,海1387,7米,,广日铭牌，作业号：16814992G,D型，提供原点值，β105 γ40 ,2015/1/6,,豆绿色,BLB,,,,,华南
预投YS150106.16,广州广日,TA1.0D-H,20,MC,,DC110V,V400*5*10*16,有,新时达,海1387,7米,,广日铭牌，作业号：16815735G，载重打印1050KG,D型，提供原点值，β105 γ40 ,2015/1/6,,豆绿色,BLB,,,,,华南
PO01503050016.7,广州广日,U1.75DS-H,1,MM,,DC110V,V480*7*10*16-2I,有,新时达,海1387,7米,,广日铭牌，作业号：16814997B,D型，提供原点值，V型带切口:100°、50°,2015/3/5,,豆绿色,BLB,,,,,华南
PO01412310078,广州广日,U1.75ES-H,1,MM,,DC110V,V480*7*10*16-2I,有,新时达,海1387,7米,,广日铭牌，作业号：16814997F,D型，提供原点值，V型带切口:100°、50°,2015/1/5,,豆绿色,BLB,,,,,华南
预投YS150106.21,广州广日,TA1.75B-H,5,MC,,DC110V,V400*4*10*16,有,新时达,海1387,7米,,"广日铭牌,作业号：16814992B",D型，提供原点值，β105 γ40 ,2015/1/6,,豆绿色,BLB,,,,,华南
预投YS150106.22,广州广日,TA1.75B-H,5,MC,,DC110V,V400*4*10*16,有,新时达,海1387,7米,,广日铭牌作业号：16815735B,D型，提供原点值，β105 γ40 ,2015/1/6,,豆绿色,BLB,,,,,华南
预投YS150106.17,广州广日,TA1.75C-H,20,MC,,DC110V,V400*5*10*16,有,新时达,海1387,7米,,广日铭牌，作业号：16814992E,D型，提供原点值，β105 γ40 ,2015/1/6,,豆绿色,BLB,,,,,华南
预投YS150106.18,广州广日,TA1.75C-H,20,MC,,DC110V,V400*5*10*16,有,新时达,海1387,7米,,广日铭牌，铭牌载重打印825KG，作业号：16815735E,D型，提供原点值，β105 γ40 ,2015/1/6,,豆绿色,BLB,,,,,华南
PO01501230028,广州广日,U2.5DS-H,2,MM,,DC110V,V480*5*10*16-2H,有,新时达,海1387,7米,,广日铭牌.作业号：16827721B 载重打印1050KG,D型，提供原点值，V型带切口:β100γ50 ,2015/1/26,,豆绿色,BLB,,,,,华南
预投YS150106.19,广州广日,TA1.75D-H,20,MC,,DC110V,V400*5*10*16,有,新时达,海1387,7米,,广日铭牌，作业号：16814992H,D型，提供原点值，β105 γ40 ,2015/1/6,,豆绿色,BLB,,,,,华南
预投YS150106.20,广州广日,TA1.75D-H,20,MC,,DC110V,V400*5*10*16,有,新时达,海1387,7米,,广日铭牌，铭牌载重打印1050K，作业号：16815735H,D型，提供原点值，β105 γ40 ,2015/1/6,,豆绿色,BLB,,,,,华南
PO01503050016.8,广州广日,Y1.0D1-N,1,ENN,,DC110V,480*7*10*16-3G,有,华为,多8192,7米,,广日英文铭牌，作业号：16806705A,提供原点值 ,2015/3/5,,豆绿色,16E3B2A,,,,,华南
PO01501200080.6,广州广日,Y1.0E1-N,1,ENN,,DC110V,480*7*10*16-3G,有,华为,多8192,7米,,广日铭牌，作业号：16806564E,提供原点值 ,2015/1/20,,豆绿色,16E3B2A,,,,,华南
预投YS150210E,广州广日,TA2.0D-H,10,MC,,DC110V,V400*5*10*16,有,新时达,海1387,7米,,广日铭牌，作业号：16815735J，载重打印1050KG,D型，提供原点值，β105 γ40 ,2015/2/10,,豆绿色,BLB,,,,,华南
PO01501090043.7,广州广日,Y1.75BC-N,4,CNN,,DC110V,410*6*10*16-3E,有,华为,多8192,7米,,广日铭牌，作业号：16806636F,提供原点值 ,2015/1/9,,豆绿色,16E3B2A,,,,,华南
预投YS150210A,广州广日,TC1.75D-H,10,,,DC110V,V400*5*10*16,有,新时达,海1387,7米,,广日铭牌，铭牌载重打印1050KG，作业号：16812648C,D型，提供原点值，β105 γ40 ,2015/2/10,,豆绿色,BLB,,,,,华南
PO01502060033.2,广州广日,Y1.75D1-N,1,ENN,,DC110V,480*7*10*16-3G,有,华为,多8192,7米,,广日铭牌，作业号：16806564B,提供原点值 ,2015/2/6,,豆绿色,16E3B2A,,,,,华南
预投YS150210C,广州广日,TC2.0C-H,10,,,DC110V,V400*5*10*16,有,新时达,海1387,7米,,广日铭牌，铭牌载重打印825KG，作业号：16812648B,D型，提供原点值，β105 γ40 ,2015/2/10,,豆绿色,BLB,,,,,华南
PO01502130029.8,广州广日,Y1.75E1-N,5,ENN,,DC110V,480*7*10*16-3G,有,华为,多8192,7米,,广日铭牌作业号：16806564F,提供原点值 ,2015/3/3,,豆绿色,16E3B2A,,,,,华南
PO01502040011.2,广州广日,Y2.0E1-N,1,ENN,,DC110V,480*7*10*16-3G,有,华为,多8192,7米,,广日铭牌，作业号：16806564G,提供原点值 ,2015/2/4,,豆绿色,16E3B2A,,,,,华南
PO01501080033.1,广州广日,Y2.5B1-N,1,CNN,,DC110V,410*5*10*16-3E,有,华为,多8192,7米,,广日铭牌，作业号：16806636D,提供原点值 ,2015/1/8,,豆绿色,16E3B2A,,,,,华南
PO01503090096.1,广州广日,Y2.5D1-N,1,ENN,复,DC110V,480*14*10*15-3F(D),有,华为,多8192,7米,,广日铭牌，作业号：16806565D,提供原点值 ,2015/3/9,,豆绿色,16E3B2A,,,,,华南
PO01501100004.2,广州广日,曳引轮,2,,,,V400*5*10*16,,,,,,,WYT-S-3F1，2.1版本，用于S1.75C，木箱包装,2015/1/13,,,,,,,,华南
PO01502070011.3,广州广日,曳引轮,2,,,,480*7*10*16-3G,,,,,,,"WYT-Y2D-3G,木箱包装",2015/2/10,,,,,,,,华南
预投1,广州永日,S1.0B-H,10,BCN,,AC220V,400*4*10*16,有,富士,海1387,7米,,蓝光铭牌,,2015/1/7,,中酞兰,14EB2,,,,,华南
15Z0025-31,广州永日,S2.0DL-H,6,BCN,,AC220V,480*6*10*16-3AI,有,富士,海1387,,,"蓝光铭牌，铭牌打印为载重1050KG,功率14.1KW.",不带电缆,2015/1/13,,中酞兰,14EB2,,,,,华南
预投2,广州永日,TA1.0B-H,10,MC,,DC110V,400*4*10*16,有,富士,海1387,7米,,蓝光铭牌,,2015/1/7,,中酞兰,BLB,,,,,华南
15Z0332,广州永日,TA1.0D-H,1,MC,,DC110V,400*5*10*16,有,富士,海1387,,,"蓝光铭牌，铭牌打印：载重525KG,速度1.5M/S，曳引比1：1",不带电缆,2015/3/3,,中酞兰,BLB,,,,,华南
预投3,广州永日,TA1.5B-H,10,MC,,DC110V,400*4*10*16,有,富士,海1387,7米,,蓝光铭牌,,2015/1/7,,中酞兰,BLB,,,,,华南
预投4,广州永日,TA1.75B-H,10,MC,,DC110V,400*4*10*16,有,富士,海1387,7米,,蓝光铭牌,,2015/1/7,,中酞兰,BLB,,,,,华南
15Z0360-363,广州永日,TA2.0CL-H,4,MC,,DC110V,480*5*10*16,有,富士,海1387,,,蓝光铭牌，铭牌载重打印为825KG,不带电缆,2015/3/3,,中酞兰,BLB,,,,,华南
15Z0051-0055,广州永日,TC2.0DL-H,4,,,DC110V,480*6*10*16-2D,有,富士,海1387,,,"蓝光铭牌，铭牌打印为载重1050KG,功率14KW",不带电缆,2015/1/14,,中酞兰,BLB,,,,,华南
14Z0203.208,广州永日,U1.0DS-H,2,MM,,DC110V,480*6*10*16-2D,有,富士,海1387,7米,,蓝光铭牌，铭牌载重打印为1250KG,,2015/1/7,,中酞兰,BLB,,,,,华南
YS141230C,广州日创,S2.0D-H,1,BCC,,AC220V,400*5*10*16,有,默纳克,海1387,7米,,蓝光铭牌,D型,2015/1/5,,中酞兰,14EB2,,,P000520141230,,华南
YS150304F,广州日创,TA1.0B-H,1,MC,,DC110V,V400*4*10*16,有,新时达,海1387,7米,,蓝光铭牌，铭牌载重打600KG ,D型，广日豆绿色 β105 γ40 ,2015/3/5,,豆绿色,BLB,,,P000920150304,,华南
YS150107A,广州日创,TA1.0D-H,2,MC,,DC110V,V400*5*10*16,有,新时达,海1387,7米,,蓝光铭牌,D型，广日豆绿色 β105 γ40 ,2015/1/8,,豆绿色,BLB,,,P000420150107,,华南
YS150305E,广州日创,TA1.75D-H,1,MC,,DC110V,V400*5*10*16,有,新时达,海1387,7米,,蓝光铭牌,D型，广日豆绿色 β105 γ40 ,2015/3/9,,豆绿色,BLB,,,P001020150305,,华南
YS150107F,广州日创,TC1.5E-H,2,,,DC110V,V400*5*10*16,有,新时达,海1387,7米,,蓝光铭牌,D型，广日豆绿色 β105 γ40 ,2015/1/8,,豆绿色,BLB,,,P000420150107,,华南
YS150126B,广州日创,TC1.75D-H,8,,,DC110V,V400*5*10*16,有,新时达,海1387,7米,,蓝光铭牌,D型，广日豆绿色 β105 γ40 ,2015/1/26,,豆绿色,BLB,,,P000420150123,,华南
YS150203A,广州日新,TA1.0C-H,1,MC,,DC110V,V400*5*10*16,有,新时达,海1387,7米,,蓝光铭牌,D型β105 γ40 ,2015/2/4,,豆绿色,BLB,,,,,华南
YS150203B,广州日新,TA1.0D-H,1,MC,,DC110V,V400*5*10*16,有,新时达,海1387,7米,,蓝光铭牌,D型β105 γ40 ,2015/2/4,,豆绿色,BLB,,,,,华南
YS150126G,广州日新,TA1.75D-H,1,MC,,DC110V,V400*5*10*16,有,新时达,海1387,7米,,蓝光铭牌,D型，提供原点值，β105 γ40 ,2015/1/28,,豆绿色,BLB,,,,,华南
14Z5292,广州永日,U1.0ES-H,1,MM,,DC110V,480*6*12*18,有,富士,海1387,,,蓝光铭牌,不带电缆,2015/1/6,,中酞兰,BLB,,,,,华南
预投YS150106.1,广州永日,S1.0C-H,20,BCN,,AC220V,400*5*10*16,有,富士,海1387,,,"蓝光铭牌，铭牌打印为载重825KG,功率5.7KW，",不带电缆,2015/1/6,,中酞兰,14EB2,,,,,华南
预投YS150106.4,广州永日,S1.0D-H,20,BCN,,AC220V,400*5*10*16,有,富士,海1387,,,"蓝光铭牌，铭牌打印为载重1050KG,功率7KW.",不带电缆,2015/1/6,,中酞兰,14EB2,,,,,华南
预投YS150106.2,广州永日,S1.5C-H,20,BCN,,AC220V,400*5*10*16,有,富士,海1387,,,"蓝光铭牌，铭牌打印为载重825KG,功率8.5KW，",不带电缆,2015/1/6,,中酞兰,14EB2,,,,,华南
预投YS150106.5,广州永日,S1.5D-H,20,BCN,,AC220V,400*5*10*16,有,富士,海1387,,,"蓝光铭牌，铭牌打印为载重1050KG,功率10.6KW.",不带电缆,2015/1/6,,中酞兰,14EB2,,,,,华南
预投YS150106.3,广州永日,S1.75C-H,20,BCN,,AC220V,400*5*10*16,有,富士,海1387,,,"蓝光铭牌，铭牌打印为载重825KG,功率10KW，",不带电缆,2015/1/6,,中酞兰,14EB2,,,,,华南
预投YS150106.6,广州永日,S1.75D-H,20,BCN,,AC220V,400*5*10*16,有,富士,海1387,,,"蓝光铭牌，铭牌打印为载重1050KG,功率12.3KW.",不带电缆,2015/1/6,,中酞兰,14EB2,,,,,华南
15Z0238,广州永日,U1.0FS-H,1,MM,,DC110V,480*6*12*18,有,富士,海1387,,,蓝光铭牌,不带电缆,2015/2/3,,中酞兰,BLB,,,,,华南
15Z0259,广州永日,U1.5DS-H,1,MM,,DC110V,480*6*12*18,有,富士,海1387,,,蓝光铭牌,不带电缆,2015/2/6,,中酞兰,BLB,,,,,华南
预投YS150106.7,广州永日,TA1.0C-H,20,MC,,DC110V,400*5*10*16,有,富士,海1387,,,"蓝光铭牌，铭牌打印为载重825KG,功率5.7KW，",不带电缆,2015/1/6,,中酞兰,BLB,,,,,华南
预投YS150106.10,广州永日,TA1.0D-H,20,MC,,DC110V,400*5*10*16,有,富士,海1387,,,"蓝光铭牌，铭牌打印为载重1050KG,功率7KW.",不带电缆,2015/1/6,,中酞兰,BLB,,,,,华南
710083,珠江中富,TA1.0A-H,1,MC,,DC110V,400*4*10*16,无,默纳克,海1387,7米配,,珠江富士（中国）铭牌,D型 ,2015/1/5,,,BLB,,,,,华南
711031,珠江中富,TA1.6A-H,1,MC,,DC110V,400*4*10*16,有,默纳克,海1387,7米配,,"蓝光英文铭牌,铭牌载重打印400KG",D型,2015/1/5,,,BLB,,,,,华南
预投YS150106.8,广州永日,TA1.5C-H,20,MC,,DC110V,400*5*10*16,有,富士,海1387,,,"蓝光铭牌，铭牌打印为载重825KG,功率8.5KW，",不带电缆,2015/1/6,,中酞兰,BLB,,,,,华南
预投YS150106.11,广州永日,TA1.5D-H,20,MC,,DC110V,400*5*10*16,有,富士,海1387,,,"蓝光铭牌，铭牌打印为载重1050KG,功率10.6KW.",不带电缆,2015/1/6,,中酞兰,BLB,,,,,华南
711211,珠江中富,TA1.6B-H,1,MC,,DC110V,400*4*10*16,有,默纳克,海1387,7米配,,蓝光铭牌,D型,2015/1/14,,,BLB,,,,,华南
预投YS150106.9,广州永日,TA1.75C-H,20,MC,,DC110V,400*5*10*16,有,富士,海1387,,,"蓝光铭牌，铭牌打印为载重825KG,功率10KW，",不带电缆,2015/1/6,,中酞兰,BLB,,,,,华南
预投YS150106.12,广州永日,TA1.75D-H,20,MC,,DC110V,400*5*10*16,有,富士,海1387,,,"蓝光铭牌，铭牌打印为载重1050KG,功率12.3KW.",不带电缆,2015/1/6,,中酞兰,BLB,,,,,华南
711135,珠江中富,TA1.6C-H,1,MC,,DC110V,400*5*10*16,有,默纳克,海1387,7米配,,蓝光铭牌,D型 ,2015/1/6,,,BLB,,,,,华南
89352,珠江中富,TA1.6D-H,1,MC,,DC110V,400*5*10*16,无,默纳克,海1387,7米配,,蓝光铭牌,D型 ,2015/1/19,,,BLB,,,,,华南
707113,珠江中富,TA2.0DL-H,1,MC,,DC110V,480*5*10*16,有,默纳克,海1387,8米配,,"蓝光铭牌,铭牌打2000KG,1.0M/S 4:1",D型 ,2015/1/21,,,BLB,,,,,华南
711146,珠江中富,TC1.0DL-H,1,,,DC110V,480*5*10*16,无,默纳克,海1387,7米配,,蓝光英文铭牌，载重打1050KG,D型 ,2015/1/20,,,BLB,,,,,华南
90011-90012,珠江中富,U1.0DS-H,2,MM,,DC110V,480*7*10*16-2D,无,蓝光一体化,海1387,7米配,,珠江富士（中国）铭牌,D型,2015/1/22,,,BLB,,,,,华南
801145,珠江中富,U1.0ES-H,1,MM,,DC110V,480*7*12*18,有,默纳克,海1387,7米配,,珠江富士（中国）铭牌,D型,2015/2/9,,,BLB,,,,,华南
89358,珠江中富,U1.6DS-H,1,MM,,DC110V,480*7*12*18,有,默纳克,海1387,7米配,,蓝光铭牌,D型,2015/1/7,,,BLB,,,,,华南
801096-801097,珠江中富,U1.6ES-H,2,MM,,DC110V,480*7*12*18,有,富士,海1387,7米配,,蓝光铭牌,D型,2015/3/4,,,BLB,,,,,华南
707274,珠江中富,U1.75DS-H,1,MM,,DC110V,480*7*12*18,有,默纳克,海1387,7米配,,蓝光铭牌，载重打1250KG,D型,2015/1/20,,,BLB,,,,,华南
82176,珠江中富,U1.75ES-H,1,MM,,DC110V,480*7*12*18,有,富士,海1387,7米配,,珠江中富铭牌,D型 ,2015/2/2,,,BLB,,,,,华南
YM150127C,常州电梯厂,TA1.0C-H,1,MC,,DC110V,400*5*10*16,有,新时达,海1387,10米配,,蓝光铭牌,D型,2015/1/27,,电机灰,BLB,,,,,华东2
YM150127B,常州电梯厂,TA1.5C-H,9,MC,,DC110V,400*5*10*16,有,新时达,海1387,10米配,,蓝光铭牌,D型,2015/1/27,,电机灰,BLB,,,,,华东2
YM150127D,常州电梯厂,TA1.75C-H,6,MC,,DC110V,400*5*10*16,有,新时达,海1387,10米配,,蓝光铭牌,D型,2015/1/27,,电机灰,BLB,,,,,华东2
YM150127H,成都环通机电,S1.0C-H,1,BCC,,AC220V,400*5*10*16,无,CV,海1387,7米,5米,蓝光铭牌,,2015/1/28,,,14EB2,,,,,华东2
4500802846,成都康力,S2.0DL-H,3,BCC,,AC220V,480*6*10*16-3AD,有,新时达,海1387,10米,,康力铭牌,D型，减震12块（赠），康力防护罩，康力包装，带M24*130组合螺栓，提供原点值，贴上下行标签,2015/2/4,,银灰,14EB2,,,152000279/130-150,,华东2
YM150107F,成都兴世纪,DZE-14EA,1,,,DC110V,,,,,,,,木箱包装，出厂编号：07HJJ6799,2015/1/9,,,,,,,,华东2
YM150108D,华东二个人,S转子组件D/CLZ,1,,,,WYT-SB.2,有,,,,,,发组装件，木箱包装，N轴，曳引轮400*5*10*16，，代码1.13.01.111，图号WYT-S-3D(2.3/2.4版）原主机S1.75D-N 08157701XT有机房。,2015/1/8,,,,,,,,华东2
YM150104G,江苏鼎顺电梯,S1.0B-N,3,BCC,,AC220V,400*4*10*16,有,富士,多8192,7米,,蓝光铭牌,散头,2015/1/5,,,14EB2,,,,,华东2
YM141231D,江苏菱智,U1.0DS-H,2,MM,,DC110V,480*7*12*18,有,默纳克,海1387,7米,,蓝光铭牌,D型,2015/1/5,,,BLB,,,,,华东2
MJ20150204-01,江苏美佳,TA1.5C-H,1,MC,,DC110V,400*5*10*16,有,蓝光一体化,海1387,6米,,蓝光铭牌,D型,2015/2/4,,电机灰,BLB,,,,,华东2
MJ20150204-02,江苏美佳,TA1.5D-H,3,MC,,DC110V,400*5*10*16,有,蓝光一体化,海1387,6米,,蓝光铭牌,D型,2015/2/4,,电机灰,BLB,,,,,华东2
YM150122A,江苏中群,S2.0DL-H,2,BCC,,DC110V,480*6*10*16-3AI,有,蓝光一体化,海1387,10米,,蓝光铭牌,D型,2015/1/22,,电机灰,14EA,,,,,华东2
YM150116A,金华市盛帝斯电梯有限公司,Y4.0E3-H,1,DWW,, DC110V ,480*7*12*18-3D,有,蒙德,海1387,7米,,蓝光铭牌，铭牌载重3000KG，速度1.75M/S，曳引比4：1,,2015/1/19,,,16E3B2A,,,,,华东2
YM150304A,凯斯博电梯有限公司,S2.5D-H,2,BCC,,DC110V,400*6*10*16-3G,有,新时达,海1387,8米,,凯斯博铭牌,D型,2015/3/4,,电机灰,14EA,,,,,华东2
YM150121C ,凯斯博电梯有限公司,U1.0ES-H,1,MM,,DC110V,480*7*12*18,有,新时达,海1387,8米,,凯斯博铭牌,D型,2015/1/21,,,BLB,,,,,华东2
YM150302C,凯斯博电梯有限公司,U1.75ES-H,1,MM,,DC110V,480*7*12*18,有,新时达,海1387,8米,,凯斯博铭牌,D型,2015/3/4,,电机灰,BLB,,,,,华东2
凯斯博型式试验,凯斯博电梯有限公司,Y4.0F2-H,1,EWW,,AC220V,480*12*12*15-3F(C),有,CV,海1387,7米,,凯斯博铭牌,已与技术打过招呼，用他们的实验机器,2015/1/23,,,16E3B2,,,,,华东2
预投,康力,S2.5DL-H,22,BCC,,AC220V,480*6*10*16-3AD,有,新时达,海1387,10米,,康力铭牌,D型，减震88块（赠)，提供原点值。带M24*130组合螺栓提供原点值。贴上下行标签,2015/1/20,,银灰,14EB2,,,10027323-10~220,,华东2
4500806986,康力,U1.0FS-H,3,MM,,DC110V,480*8*10*15-2C,无,新时达,海1387,10米,,康力铭牌,"D型,提供原点值，贴上下行标签",2015/3/2,,银灰,BLB,,,"10027130/230,260,280",,华东2
YE2015-02181出口,恒达富士,TA1.0A-H,1,MC,,DC110V,400*4*10*16,有,富士,海1387,7米,,恒达富士英文铭牌MP-118A,D型,2015/3/3,,,BLB,,,2015-02181出口,,华东1
YE2015-01037-01038,恒达富士,TA1.0B-H,2,MC,,DC110V,400*4*10*16,有,富士,海1387,7米,,恒达富士英文铭牌MP-118A,D型,2015/1/19,,,BLB,,,2015-01037-01038出口,,华东1
YE2015-02057,恒达富士,TA1.0C-H,1,MC,,DC110V,400*5*10*16,有,富士,海1387,7米,,恒达富士铭牌MP-118 ,D型,2015/2/13,,,BLB,,,2015-02057（5-5）,,华东1
YE2015-01044-01045,恒达富士,TA1.0D-H,2,MC,,DC110V,400*5*10*16,有,富士,海1387,7米,, 蓝光铭牌 ,D型,2015/1/15,,,BLB,,,2015-01044-01045,,华东1
YE2015-02057,恒达富士,TA1.5C-H,1,MC,,DC110V,400*5*10*16,有,富士,海1387,7米,,恒达富士铭牌MP-118 ,D型,2015/3/4,,,BLB,,,2015-02057,,华东1
YE2015-01033,恒达富士,TA1.5D-H,1,MC,,DC110V,400*5*10*16,有,富士,海1387,7米,, 蓝光英文铭牌 ,D型,2015/1/15,,,BLB,,,2015-01033出口,,华东1
YE2015-01085,恒达富士,TA1.6D-H,1,MC,,DC110V,400*5*10*16,有,富士,海1387,7米,,恒达富士英文铭牌MP-118A,D型,2015/1/22,,,BLB,,,2015-01085出口,,华东1
YE2015-02062-02064,恒达富士,TA1.75C-H,3,MC,,DC110V,400*5*10*16,有,富士,海1387,7米,,恒达富士铭牌MP-118 铭牌打 1.5M/S  ,D型,2015/2/10,,,BLB,,,2015-02062-02064,,华东1
YE2015-00540-00545,恒达富士,TA1.75D-H,6,MC,,DC110V,400*5*10*16,有,富士,海1387,7米,, 蓝光铭牌 ,D型,2015/3/10,,,BLB,,,2015-00540-00545,,华东1
YE2015-02156-02157,恒达富士,U1.0ES-H,2,MM,,DC110V,480*7*12*18,有,富士,海1387,7米,, 蓝光铭牌 ,D型,2015/3/3,,,BLB,,,2015-02156-02157,,华东1
YE2015-02059,恒达富士,U1.0FS-H,1,MM,,DC110V,480*7*12*18,有,富士,海1387,7米,,恒达富士铭牌MP-118 ,D型,2015/2/10,,,BLB,,,2015-02059,,华东1
YS150116B,湖北正野,TA1.75C-H,2,MC,,DC110V,400*5*10*16,有,新时达,海1387,10米,,蓝光铭牌,D型,2015/1/16,,,BLB,,,新天地12-144-145,,华南
YS150306C,湖北正野,TA1.75D-H,4,MC,,DC110V,400*5*10*16,有,新时达,海1387,10米,,蓝光铭牌,D型,2015/3/9,,,BLB,,,安陆凤凰,,华南
YS150304A,湖南信达,S2.0D-H,2,BCC,,DC110V,400*5*10*16,有,默纳克,海1387,7米,,蓝光铭牌,D型,2015/3/5,,,14EA,,,FJS1412-120东岭逸景花园L9/L11,,华南
YE150107B,湖州南浔宏德,TA1.0D-H,1,MC,,DC110V,400*5*10*16,有,默纳克,海1387,8米,,蓝光铭牌,D型,2015/1/7,,,BLB,,,,,华东1
4500666185,康力,曳引轮,1,,,,480*10*12.4*15-3F(T),,,,,,,WYT-Y2D-3F(T)木箱包装，出厂编号1276204EWW ,2015/1/13,,,,,,55024122/20,,华东2
YS150309H,惠州富士,TA1.0D-H,1,MC,,DC110V,400*5*10*16,有,新时达,海1387,7米,,蓝光铭牌,D型 ,2015/3/11,,,BLB,,,,,华南
YS150202I,惠州通力,TA1.5B-H,1,MC,,DC110V,400*4*10*16,无,默纳克,海1387,7米,,蓝光铭牌,D型,2015/2/3,,,BLB,,,A.2015.01.002,,华南
YS150108B,惠州通力,TA1.75D-H,2,MC,,DC110V,400*5*10*16,有,默纳克,海1387,7米,,蓝光铭牌,D型,2015/1/12,,,BLB,,,,,华南
YN150116A,吉林瀚翔,DZE-14EB2S,1,,,AC220V,,,,,,,,木箱包装，上出线,2015/1/19,,,14EB2,,,,,北方
YE141231L,江苏伯爵,TA0.5D-H,2,MC,,DC110V,400*5*10*16,无,默纳克,海1387,8米,,蓝光铭牌 ,D型,2015/1/5,,,BLB,,,A14-Kn-0088/89,,华东1
YE150119P,江苏伯爵,TA1.0C-H,1,MC,,DC110V,400*5*10*16,无,新时达,海1387,8米,,蓝光铭牌 ,D型,2015/1/20,,,BLB,,,A14-Kn-0016,,华东1
YE150106A,江苏伯爵,TA1.0D-H,1,MC,,DC110V,400*5*10*16,有,新时达,海1387,8米,,蓝光铭牌 ,D型,2015/1/6,,,BLB,,,A14-K-0001,,华东1
YE150108G,江苏伯爵,TA1.5C-H,2,MC,,DC110V,400*5*10*16,有,新时达,海1387,8米,,蓝光铭牌 ,D型,2015/1/9,,,BLB,,,A14-K-0005/0006,,华东1
YE141231M,江苏伯爵,TA1.5D-H,2,MC,,DC110V,400*5*10*16,无,默纳克,海1387,8米,,蓝光铭牌 ,D型,2015/1/5,,,BLB,,,A14-Kn-0090AB,,华东1
YE150302Mb,江苏伯爵,TA1.75C-H,6,MC,,DC110V,400*5*10*16,有,默纳克,海1387,8米,,蓝光铭牌 ,D型,2015/3/3,,,BLB,,,A15-K-0025ABCDEF,,华东1
YE150302Ma,江苏伯爵,TA1.75D-H,6,MC,,DC110V,400*5*10*16,有,默纳克,海1387,8米,,蓝光铭牌 ,D型,2015/3/3,,,BLB,,,A15-D-0026ABCDEF,,华东1
XDL153672,连云港西德电梯有限公司(江苏西继),S1.0C-H,1,BCC,,AC220V,400*5*10*16,无,CV,海1387,10米配,5米,主机用西德中文铭牌，制动器和上行超速铭牌用蓝光中文,西门子LOGO包装箱,2015/1/9,,电机灰,14EB2,,,,,华东2
XDL153891,连云港西德电梯有限公司(江苏西继),S1.0D-H,1,BCC,,AC220V,400*5*10*16,无,施耐德,海1387,10米配,5米,主机用西德中文铭牌，制动器和上行超速铭牌用蓝光中文,西门子LOGO包装箱,2015/3/9,,电机灰,14EB2,,,,,华东2
XDL145714,连云港西德电梯有限公司(江苏西继),S1.5C-H,1,BCC,,AC220V,400*5*10*16,无,CV,海1387,10米配,5米,主机用西德中文铭牌，制动器和上行超速铭牌用蓝光中文,西门子LOGO包装箱,2015/1/6,,电机灰,14EB2,,,,,华东2
XDL153673,连云港西德电梯有限公司(江苏西继),S1.5D-H,1,BCC,,AC220V,400*5*10*16,无,CV,海1387,10米配,5米,主机用西德中文铭牌，制动器和上行超速铭牌用蓝光中文,西门子LOGO包装箱,2015/1/9,,电机灰,14EB2,,,,,华东2
XDL153913-153914,连云港西德电梯有限公司(江苏西继),S1.5E-H,2,BCC,,AC220V,340*8*8*12-3,无,CV,海1387,10米配,5米,主机用西德中文铭牌，制动器和上行超速铭牌用蓝光中文,西门子LOGO包装箱,2015/3/11,,电机灰,14EB2,,,,,华东2
XDL145716-145717,连云港西德电梯有限公司(江苏西继),S1.75C-H,2,BCC,,AC220V,400*5*10*16,有,施耐德,海1387,10米配,,主机用西德中文铭牌，制动器和上行超速铭牌用蓝光中文,西门子LOGO包装箱,2015/1/6,,电机灰,14EB2,,,,,华东2
XDL153876-153881,连云港西德电梯有限公司(江苏西继),S1.75D-H,6,BCC,,AC220V,400*5*10*16,有,CV,海1387,10米配,,蓝光铭牌,,2015/3/5,,电机灰,14EB2,,,,,华东2
XDL153760-153763,连云港西德电梯有限公司(江苏西继),S2.0D-H,4,BCC,,AC220V,400*5*10*16,有,CV,海1387,10米配,,主机用西德中文铭牌，制动器和上行超速铭牌用蓝光中文,西门子LOGO包装箱,2015/1/27,,电机灰,14EB2,,,,,华东2
XDL145683-145685,连云港西德电梯有限公司(江苏西继),S2.0E-H,3,BCC,,AC220V,340*8*8*12-3,有,CV,海1387,10米配,,主机用西德中文铭牌，制动器和上行超速铭牌用蓝光中文,西门子LOGO包装箱,2015/1/6,,电机灰,14EB2,,,,,华东2
XDL145728,连云港西德电梯有限公司(江苏西继),TA1.0C-H,1,MC,,DC110V,400*5*10*16,有,CV,海1387,10米配,,主机用西德中文铭牌，制动器和上行超速铭牌用蓝光中文,西门子LOGO包装箱,2015/1/6,,电机灰,BLB,,,,,华东2
XDL153908,连云港西德电梯有限公司(江苏西继),TA1.0D-H,1,MC,,DC110V,400*5*10*16,有,CV,海1387,10米配,,主机用西德中文铭牌，制动器和上行超速铭牌用蓝光中文,西门子LOGO包装箱,2015/3/9,,电机灰,BLB,,,,,华东2
XDL153737,连云港西德电梯有限公司(江苏西继),TA1.5B-H,1,MC,,DC110V,400*4*10*16,有,CV,海1387,10米配,,主机用西德中文铭牌，制动器和上行超速铭牌用蓝光中文,西门子LOGO包装箱,2015/1/13,,电机灰,BLB,,,,,华东2
XDL145724-145727,连云港西德电梯有限公司(江苏西继),TA1.5C-H,4,MC,,DC110V,400*5*10*16,有,施耐德,海1387,10米配,,主机用西德中文铭牌，制动器和上行超速铭牌用蓝光中文,西门子LOGO包装箱,2015/1/6,,电机灰,BLB,,,,,华东2
YS141231G,李程个人（广州广日）,S1.5C-N,1,BCC,,DC110V,400*5*10*16,有,华为,多8192,7米,,蓝光铭牌,"永日蓝,发河南郑州现场",2015/1/5,,中酞兰,14EA,,,,,华南
YS141231F,李程个人（广州永日）,S1.5D-N,1,BCC,,DC110V,400*5*10*16,有,富士,多8192,7米,,蓝光铭牌,永日蓝，多带一个D型15针插头放在随机资料里，发广西玉林现场,2015/1/5,,中酞兰,14EA,,,,,华南
XDL153911-153912,连云港西德电梯有限公司(江苏西继),TA1.5D-H,2,MC,,DC110V,400*5*10*16,有,CV,海1387,10米配,,主机用西德中文铭牌，制动器和上行超速铭牌用蓝光中文,西门子LOGO包装箱,2015/3/11,,电机灰,BLB,,,,,华东2
XDL145712,连云港西德电梯有限公司(江苏西继),TA1.5E-H,1,MC,,DC110V,400*5*10*16,有,施耐德,海1387,10米配,,主机用西德中文铭牌，制动器和上行超速铭牌用蓝光中文，载重打：1050KG,西门子LOGO包装箱,2015/1/6,,电机灰,BLB,,,,,华东2
XDL153888,连云港西德电梯有限公司(江苏西继),TA1.6C-H,1,MC,,DC110V,400*5*10*16,有,CV,海1387,10米配,,主机用西德中文铭牌，制动器和上行超速铭牌用蓝光中文,西门子LOGO包装箱,2015/3/9,,电机灰,BLB,,,,,华东2
XDL153885,连云港西德电梯有限公司(江苏西继),TA1.6D-H,1,MC,,DC110V,400*5*10*16,有,CV,海1387,10米配,,主机用西德中文铭牌，制动器和上行超速铭牌用蓝光中文,西门子LOGO包装箱,2015/3/9,,电机灰,BLB,,,,,华东2
XDL153789,连云港西德电梯有限公司(江苏西继),U1.0ES-H,1,MM,,DC110V,480*8*10*16-2D,有,CV,海1387,10米配,,主机用西德中文铭牌，制动器和上行超速铭牌用蓝光中文,西门子LOGO包装箱,2015/2/4,,电机灰,BLB,,,,,华东2
XDL153844,连云港西德电梯有限公司(江苏西继),U1.5ES-H,1,MM,,DC110V,480*8*10*16-2D,有,CV,海1387,10米配,,蓝光铭牌,,2015/2/10,,电机灰,BLB,,,,,华东2
XDL145596-145597-1,连云港西德电梯有限公司(江苏西继),U1.75DS-H,2,MM,,DC110V,480*7*10*16-2D,有,施耐德,海1387,10米配,,主机用西德中文铭牌，制动器和上行超速铭牌用蓝光中文,西门子LOGO包装箱,2015/1/13,,电机灰,BLB,,,,,华东2
YM141223G,辽宁富士(安徽）,S1.0C-H,1,BCC,,AC220V,400*5*10*16,无,蓝光一体化,海1387,8米,4米,蓝光铭牌,D型,2015/1/8,,电机灰,14EB2,,,,,华东2
YM150126A,辽宁富士(安徽）,TA1.75C-H,3,MC,,DC220V,400*5*10*16,有,安川,海1387,8米,,蓝光铭牌,,2015/1/26,,电机灰,BLB,,,,,华东2
YM150108C,四川科莱,S1.0D-H,3,BCC,,AC220V,400*5*10*16,无,CV,海1387,8米配,5米,蓝光铭牌,,2015/1/8,,,14EB2,,,,,华东2
YM150209E,四川科莱,S2.0D-H,6,BCC,,AC220V,400*6*10*16-3G,有,CV,海1387,8米配,,蓝光铭牌,,2015/2/10,,,14EB2,,,,,华东2
YM150209I,四川科莱,TA1.0B-H,1,MC,,DC220V,400*4*10*16,有,CV,海1387,8米配,,蓝光铭牌,,2015/2/10,,,BLB,,,,,华东2
YM150106J,四川科莱,TA1.75D-H,8,MC,,DC220V,400*5*10*16,有,CV,海1387,8米配,,蓝光铭牌,,2015/1/8,,,BLB,,,,,华东2
YM150211A,四川科莱,U1.0ES-H,1,MM,,DC220V,480*7*10*16-2D,有,CV,海1387,8米配,,蓝光英文铭牌,,2015/2/12,,,BLB,,,,,华东2
YM150107G,苏州富士制御电梯,TA1.0C-H,8,MC,,DC110V,400*5*10*16,有,新时达,海1387,7米,,蓝光铭牌,D型，合格证和随机资料不放在箱子里单独邮给客户,2015/1/8,,,BLB,,,,,华东2
YM150210F,苏州富士制御电梯,TA1.0D-H,2,MC,,DC110V,400*5*10*16,有,新时达,海1387,7米,,蓝光铭牌,D型，合格证和随机资料不放在箱子里单独邮给客户,2015/2/12,,,BLB,,,,,华东2
YM150107H,苏州富士制御电梯,TA1.5C-H,1,MC,,DC110V,400*5*10*16,有,新时达,海1387,7米,,蓝光铭牌,D型，合格证和随机资料不放在箱子里单独邮给客户,2015/1/8,,,BLB,,,,,华东2
YM150106D,苏州富士制御电梯,TA1.75C-H,1,MC,,DC110V,400*5*10*16,有,新时达,海1387,7米,,蓝光铭牌,D型，合格证和随机资料不放在箱子里单独邮给客户,2015/1/8,,,BLB,,,,,华东2
YM150112B,苏州富士制御电梯,TA1.75D-H,4,MC,,DC110V,400*5*10*16,有,新时达,海1387,7米,,蓝光铭牌,"D型,合格证和随机资料不放在箱子里单独邮给客户",2015/1/26,,,BLB,,,,,华东2
YM150109E,苏州富士制御电梯,TA2.0D-H,2,MC,,DC110V,400*5*10*16,无,新时达,海1387,7米,,蓝光英文铭牌,D型.合格证和随机资料不放在箱子里单独邮给客户,2015/1/12,,,BLB,,,,,华东2
SSEC2015837(2015010100),苏州铃木,S1.5C-H,1,BCC,,AC220V,400*5*10*16,有,默纳克,海1387,,,苏州铃木铭牌（SSEC版本）,不带电缆线,2015/2/11,,电机灰,14EB2,,,,,华东2
SSEC2015815(2015010099),苏州铃木,S1.5D-H,1,BCC,,AC220V,400*5*10*16,有,默纳克,海1387,,,苏州铃木铭牌（SSEC版本）,不带电缆线,2015/2/11,,电机灰,14EB2,,,,,华东2
SSEC02789,苏州铃木,S1.75C-H,1,BCC,,AC220V,400*5*10*16,有,,海1387,,,苏州铃木铭牌（SSEC版本）,不带电缆线。蓝光标准颜色,2015/1/5,,,14EB2,,,201006601售后服务,,华东2
SSEC2015139（2015010021-0022）,苏州铃木,S1.75CL-H,2,BCC,,AC220V,480*5*10*16-3U,有,新时达,海1387,,,苏州铃木铭牌（SSEC版本）,不带电缆线,2015/1/20,,电机灰,14EB2,,,2014092156-2157(9#东9#西),,华东2
SSEC03190(2014061118-1120),苏州铃木,S1.75DL-H,3,BCC,,AC220V,480*6*10*16-3AD,有,新时达,海1387,,,苏州铃木铭牌（SSEC版本）,不带电缆线,2015/3/5,,电机灰,14EB2,,,,,华东2
YN15-0055,辽宁三洋,TA1.75C-H,13,MC,,DC220V,400*5*10*16,有,蓝光一体化,海1387,7米,,蓝光铭牌,D型,2015/2/4,,,BLB,,,,,北方
YN15-0054,辽宁三洋,TA1.75D-H,9,MC,,DC220V,400*5*10*16,有,蓝光一体化,海1387,7米,,蓝光铭牌,D型,2015/2/4,,,BLB,,,,,北方
YN141224A,齐齐哈尔建华,TA1.0C-H,1,MC,,DC220V,400*5*10*16,无,蓝光一体化,海1387,7米,,蓝光铭牌,D型,2015/1/21,,,BLB,,,,,北方
SSEC2015723(201510107-0108),苏州铃木,S2.0CL-H,2,BCC,,AC220V,480*5*10*16-3U,有,默纳克,海1387,,,苏州铃木铭牌（SSEC版本）,不带电缆线,2015/2/9,,电机灰,14EB2,,,,,华东2
SSEC02636,苏州铃木,TA1.0C-H,4,MC,,DC110V,400*5*10*16,有,新时达,海1387,,,苏州铃木铭牌（SSEC版本）,不带电缆线,2015/1/5,,电机灰,BLB,,,2014122655-2658,,华东2
SSEC2015656(2015020118),苏州铃木,TA1.0D-H,1,MC,,DC110V,400*5*10*16,有,默纳克,海1387,,,苏州铃木铭牌（SSEC版本）,不带电缆线,2015/2/9,,电机灰,BLB,,,,,华东2
SSEC2015509(2015010086),苏州铃木,TA1.5C-H,1,MC,,DC110V,400*5*10*16,有,默纳克,海1387,,,苏州铃木铭牌（SSEC版本）,不带电缆线,2015/2/2,,电机灰,BLB,,,,,华东2
SSEC02777,苏州铃木,TA1.5D-H,1,MC,,DC110V,400*5*10*16,有,默纳克,海1387,,,苏州铃木铭牌（SSEC版本）,不带电缆线。,2015/1/5,,电机灰,BLB,,,20141226,,华东2
SSEC02718,苏州铃木,TA1.5D-H,8,MC,,DC110V,400*5*10*16,有,默纳克,海1387,,,苏州铃木铭牌（SSEC版本）,不带电缆线。,2015/1/5,,电机灰,BLB,,,2014122667-2674,,华东2
SSEC2015176(2015010025-0026),苏州铃木,TA1.6D-H,2,MC,,DC110V,400*5*10*16,有,默纳克,海1387,,,苏州铃木铭牌（SSEC版本）,不带电缆线,2015/1/20,,电机灰,BLB,,,,,华东2
SSEC201501(2015010013-0014),苏州铃木,TA1.75C-H,2,MC,,DC110V,400*5*10*16,有,默纳克,海1387,,,苏州铃木铭牌（SSEC版本）,不带电缆线,2015/1/19,,电机灰,BLB,,,2014122618-2619,,华东2
SSEC03004(2014122609-2610),苏州铃木,TA1.75D-H,2,MC,,DC110V,400*5*10*16,有,富士LIFT,海1387,,,苏州铃木铭牌（SSEC版本）,不带电缆线,2015/1/22,,电机灰,BLB,,,,,华东2
SSEC20151095(2015020135),苏州铃木,TA1.75DL-H,1,MC,,DC110V,480*5*10*16,有,蓝光一体化,海1387,,,苏州铃木铭牌（SSEC版本）,不带电缆线,2015/3/9,,电机灰,BLB,,,,,华东2
(SSEC)2015030157-0168,苏州铃木,Y1.75C2-H,12,EWW,,AC220V,480*10*12*15-3F(C),有,富士,海1387,,,苏州铃木铭牌（SSEC版本）,不带电缆线,2015/3/4,,电机灰,16E3B2,,,,,华东2
YM150106E,苏州迅电,TA1.0E-H,1,MC,,DC110V,400*5*10*16,无,默纳克,海1387,8米,,苏州铃木铭牌（SSEC版本）。,D型,2015/1/12,,,BLB,,,,,华东2
YM150306B,苏州迅电,TA2.0D-H,1,MC,,DC110V,400*5*10*16,无,默纳克,海1387,8米,,蓝光铭牌,D型,2015/3/9,,,BLB,,,,,华东2
YN150123A,沈阳三洋安装,方型制动器（左）,1,,,DC110V,WYT-TA.3-YA,,,,,,,木箱包装,2015/1/23,,,,,,,,北方
YM150114A,苏州迅电,U2.0ES-H,1,MM,,DC110V,480*7*12*18,无,默纳克,海1387,8米,,蓝光铭牌,D型,2015/1/14,,,BLB,,,,,华东2
YM150121A,苏州银海机电科技有限公司,TA1.0B-H,5,MC,,DC110V,400*4*10*16,有,默纳克,海1387,7米,,浙江富控英文铭牌（MP-116）,D型，TA出口包装,2015/1/23,,电机灰,BLB,,,,,华东2
YM150123A,苏州银海机电科技有限公司,TA1.0C-H,1,MC,,DC110V,400*5*10*16,有,默纳克,海1387,7米,,浙江富控英文铭牌（MP-120A）,D型，TA出口包装,2015/1/26,,电机灰,BLB,,,,,华东2
沃克斯型式试验,沃克斯电梯（上海腾能）,U2.5FS-H,1,BCC,,DC110V,480*7*12*18,有,CV,海1387,7米,,沃克斯铭牌MP-93,用库存机器,2015/1/23,,,BLB,,,,,华东2
YM150130A,西威电梯江苏有限公司,TA1.0C-H,1,MC,,DC110V,400*5*10*16,有,新时达,海1387,10米,,西威铭牌,D型,2015/1/30,,,BLB,,,2014-K-00838,,华东2
YE150107A,松日电梯,TA1.0C-H,3,MC,,DC110V,400*5*10*16,有,默纳克,海1387,7米,,松日铭牌MP-117,D型,2015/1/8,,,BLB,,,,,华东1
YE150101A,松日电梯,TA1.75D-H,2,MC,,DC110V,400*5*10*16,有,默纳克,海1387,7米,,松日铭牌MP-117,D型,2015/1/5,,,BLB,,,,,华东1
YE150205D,苏州富士精工,TA1.5C-H,1,MC,,DC110V,400*5*10*16,有,默纳克,海1387,10米,,蓝光铭牌,D型,2015/2/5,,,BLB,,,15-02024#,,华东1
YE150203M,苏州富士精工,TA1.75D-H,1,MC,,DC110V,400*5*10*16,有,默纳克,海1387,10米,,蓝光铭牌,D型 ,2015/2/3,,,BLB,,,销售购买,,华东1
YM150115I,西威电梯江苏有限公司,TA1.0D-H,1,MC,,DC110V,400*5*10*16,无,默纳克,海1387,10米,,蓝光铭牌,D型,2015/1/16,,,BLB,,,,,华东2
YM150130B,西威电梯江苏有限公司,TA1.5C-H,1,MC,,DC110V,400*5*10*16,有,新时达,海1387,10米,,西威铭牌,D型,2015/1/30,,,BLB,,,,,华东2
YM150303B,西威电梯江苏有限公司,TA1.5E-H,1,MC,,DC110V,400*5*10*16,有,新时达,海1387,10米,,"西威铭牌，悬挂比4:1,2300KG,0.75m/s",D型,2015/3/5,,,BLB,,,,,华东2
YM150130C,西威电梯江苏有限公司,TA1.75C-H,1,MC,,DC110V,400*5*10*16,有,新时达,海1387,10米,,江苏广日德科铭牌,D型,2015/1/30,,,BLB,,,,,华东2
YM150105A,西威电梯江苏有限公司,TA1.75D-H,3,MC,,DC110V,400*5*10*16,有,新时达,海1387,9米,,江苏广日德科铭牌,D型,2015/1/6,,,BLB,,,,,华东2
YM150309B,许昌富士通电梯有限公司(许昌德瑞电梯有限公司),S1.0C-H,1,BCC,,DC110V,400*5*10*16,无,新时达,海1387,8米,7米,蓝光铭牌,D型，减震1套（赠，减震组合螺栓型号为：M16*40）,2015/3/9,,,14EA,,,,,华东2
YM150104C,许昌富士通电梯有限公司(许昌德瑞电梯有限公司),S1.0D-H,1,BCC,,DC110V,400*5*10*16,无,新时达,海1387,8米,7米,蓝光铭牌,D型，减震1套（赠，减震组合螺栓型号为：M16*40）,2015/1/5,,,14EA,,,,,华东2
YM150302N,许昌富士通电梯有限公司(许昌德瑞电梯有限公司),S1.5C-H,5,BCC,,DC110V,400*5*10*16,无,默纳克,海1387,8米,4米,蓝光铭牌,"D型，减震5套（赠，减震组合螺栓型号为：M16*40）,左置",2015/3/3,,,14EA,,,,,华东2
YM150104D,许昌富士通电梯有限公司(许昌德瑞电梯有限公司),S1.75C-H,3,BCC,,DC110V,400*5*10*16,有,默纳克,海1387,8米,,蓝光铭牌,D型，减震3套（赠，减震组合螺栓型号为：M16*40）,2015/1/5,,,14EA,,,,,华东2
YM150104E,许昌富士通电梯有限公司(许昌德瑞电梯有限公司),S1.75D-H,3,BCC,,DC110V,400*6*10*16-3G,有,默纳克,海1387,8米,,蓝光铭牌,D型，减震3套（赠，减震组合螺栓型号为：M16*40）,2015/1/5,,,14EA,,,,,华东2
YM150302E,许昌富士通电梯有限公司(许昌德瑞电梯有限公司),S2.0DL-H,4,BCC,,DC110V,480*6*10*16-3AI,有,默纳克,海1387,8米,,蓝光铭牌,D型，减震4套（赠，减震组合螺栓型号为：M16*40）,2015/3/3,,,14EA,,,,,华东2
YM150119D,许昌富士通电梯有限公司(许昌德瑞电梯有限公司),TA1.0A-H,1,MC,,DC110V,400*4*10*16,有,默纳克,海1387,8米,,蓝光铭牌,D型，减震1套（赠，减震组合螺栓型号为：M16*40）。,2015/1/20,,,BLB,,,,,华东2
YM150302G,许昌富士通电梯有限公司(许昌德瑞电梯有限公司),TA1.0B-H,1,MC,,DC110V,400*4*10*16,有,新时达,海1387,8米,,蓝光铭牌,D型，减震1套（赠，减震组合螺栓型号为：M16*40）,2015/3/3,,,BLB,,,,,华东2
YM150104H,许昌富士通电梯有限公司(许昌德瑞电梯有限公司),TA1.0C-H,12,MC,,DC110V,400*5*10*16,有,默纳克,海1387,8米,,蓝光铭牌,D型，减震12套（赠，减震组合螺栓型号为：M16*40）,2015/1/5,,,BLB,,,,,华东2
YM150302I,许昌富士通电梯有限公司(许昌德瑞电梯有限公司),TA1.0D-H,1,MC,,DC110V,400*5*10*16,有,默纳克,海1387,8米,,蓝光铭牌,D型，减震1套（赠，减震组合螺栓型号为：M16*40）,2015/3/3,,,BLB,,,,,华东2
YM150302D,许昌富士通电梯有限公司(许昌德瑞电梯有限公司),TA1.75C-H,6,MC,,DC110V,400*5*10*16,有,默纳克,海1387,8米,,蓝光铭牌,D型，减震6套（赠，减震组合螺栓型号为：M16*40）,2015/3/3,,,BLB,,,,,华东2
YM150106K,许昌富士通电梯有限公司(许昌德瑞电梯有限公司),TA1.75D-H,2,MC,,DC110V,400*5*10*16,有,默纳克,海1387,8米,,蓝光铭牌,D型，减震2套（赠，减震组合螺栓型号为：M16*40）,2015/1/8,,,BLB,,,,,华东2
YM150302F,许昌富士通电梯有限公司(许昌德瑞电梯有限公司),U1.0DS-H,1,MM,,DC110V,480*7*10*16-2D,有,默纳克,海1387,8米,,"蓝光铭牌,载重打1250KG ",D型，减震1套（赠，减震组合螺栓型号为：M16*40）,2015/3/3,,,BLB,,,,,华东2
YM150107E,中原智能,TA1.0D-H,5,MC,,DC110V,400*5*10*16,有,默纳克,海1387,8米,,蓝光铭牌,D型,2015/1/8,,电机灰,BLB,,,,,华东2
YE150302Hb,苏州立达中远（南浔）,TA1.0B-H,1,MC,,DC110V,400*4*10*16, 有,默纳克,海1387,8米,,蓝光铭牌,D型,2015/3/3,,,BLB,,,201502038,,华东1
YE150310B,苏州立达中远（南浔）,TA1.0C-H,1,MC,,DC110V,400*5*10*16,无,默纳克,海1387,8米,,蓝光铭牌,D型,2015/3/11,,,BLB,,,201503061,,华东1
YE150105C,苏州立达中远（南浔）,TA1.0D-H,1,MC,,DC110V,400*5*10*16,有,默纳克,海1387,8米,,蓝光铭牌,D型,2015/1/7,,,BLB,,,201501010,,华东1
YE150105B,苏州立达中远（南浔）,TA1.5C-H,1,MC,,DC110V,400*5*10*16,有,默纳克,海1387,8米,,蓝光铭牌,D型,2015/1/7,,,BLB,,,201501006,,华东1
YE150302Hd,苏州立达中远（南浔）,TA1.5D-H,1,MC,,DC110V,400*5*10*16,有,默纳克,海1387,8米,,蓝光铭牌,D型,2015/3/3,,,BLB,,,201502040,,华东1
YE150115B,苏州立达中远（南浔）,U1.0ES-H,1,MM,,DC110V,480*7*12*18, 有,默纳克,海1387,8米,,蓝光铭牌,D型,2015/1/16,,,BLB,,,201501024,,华东1
YE150114D,苏州立达中远（南浔）,U1.5ES-H,1,MM,,DC110V,480*7*12*18, 有,默纳克,海1387,8米,,蓝光铭牌,D型,2015/1/14,,,BLB,,,201501019,,华东1
YM150209G,中原智能,TA1.75D-H,6,MC,,DC110V,400*5*10*16,有,默纳克,海1387,8米,,蓝光铭牌,D型,2015/2/10,,电机灰,BLB,,,,,华东2
YM150309D,重庆淮淳,S2.5D-H,3,BCC,,AC220V,400*5*10*16,有,蓝光一体化,海1387,10米,,蓝光铭牌,D型，减震12块（赠),2015/3/10,,,14EB2,,,,,华东2
YM150107I,重庆淮淳,TA1.75D-H,6,MC,,DC220V,400*5*10*16,有,蓝光一体化,海1387,10米,,蓝光铭牌,D型，减震24块（赠),2015/1/8,,,BLB,,,,,华东2
YM150304B,杭州奥立达,DZE-14EB2,2,,,AC220V,,,,,,,,木箱包装,2015/3/9,,,14EB2,,,,,华东1
YM150119C,杭州奥立达,S2.0D-H,10,BCC,,AC220V,400*5*10*16,有,默纳克,海1387,7米,,奥立达铭牌1.1版本 ,D型，型号WYT前加大写ALD 奥立达包装箱,2015/1/20,,,14EB2,,,2015-K-0013/0011/0002/0007/0008/0001/0009/0010/0012/0014,,华东1
YM150210A,杭州奥立达,TA0.5D-H,1,MC,,DC110V,400*5*10*16,有,默纳克,海1387,7米,,奥立达铭牌1.1版本 ,"D型，型号WYT前加大写ALD ,奥立达包装箱",2015/2/10,,,BLB,,,,,华东1
YM150119A,杭州奥立达,TA1.0B-H,5,MC,,DC110V,400*4*10*16,有,默纳克,海1387,7米,,奥立达铭牌1.1版本 ,D型，型号WYT前加大写ALD 奥立达包装箱,2015/1/20,,,BLB,,,,,华东1
YM150106B,杭州奥立达,TA1.0C-H,10,MC,,DC110V,400*5*10*16,有,默纳克,海1387,7米,,奥立达铭牌1.1版本 ,D型，型号WYT前加大写ALD 奥立达包装箱,2015/1/6,,,BLB,,,2014-K-3456-3459/ 3424/3409/ 3425/ 3564/3565/ 3514,,华东1
YM150209D,杭州奥立达,TA1.0D-H,1,MC,,DC110V,400*5*10*16,有,默纳克,海1387,7米,,蓝光铭牌,D型,2015/2/10,,,BLB,,,21500006,,华东1
YM150202A,杭州奥立达,TA1.0E-H,1,MC,,DC110V,400*5*10*16,有,默纳克,海1387,7米,,奥立达铭牌1.1版本 ,"D型，型号WYT前加大写ALD ,奥立达包装箱",2015/2/2,,,BLB,,,11500313,,华东1
YM150107C,杭州奥立达,TA1.5C-H,3,MC,,DC110V,400*5*10*16,有,默纳克,海1387,7米,,奥立达铭牌1.1版本 ,D型，型号WYT前加大写ALD 奥立达包装箱,2015/1/8,,,BLB,,,2014-K-3995-3994/3994b,,华东1
YM141231B,杭州奥立达,TA1.5D-H,1,MC,,DC110V,400*5*10*16,有,默纳克,海1387,7米,,奥立达铭牌1.1版本 ,D型，型号WYT前加大写ALD 奥立达包装箱,2015/1/5,,,BLB,,,2014-K-3821,,华东1
YM150109B,杭州奥立达,TA1.5E-H,4,MC,,DC110V,400*5*10*16,有,默纳克,海1387,7米,,奥立达铭牌1.1版本 ,D型，型号WYT前加大写ALD 奥立达包装箱,2015/1/9,,,BLB,,,2014-K-3970/3969/3966/3965,,华东1
YM150107D,杭州奥立达,TA1.75B-H,1,MC,,DC110V,400*4*10*16,有,默纳克,海1387,7米,,奥立达铭牌1.1版本 ,D型，型号WYT前加大写ALD 奥立达包装箱,2015/1/8,,,BLB,,,2014-K-0020,,华东1
YM150209C,杭州奥立达,TA1.75C-H,2,MC,,DC110V,400*5*10*16,有,默纳克,海1387,7米,,蓝光铭牌,D型,2015/2/10,,,BLB,,,2150009-21500010,,华东1
YM141231C,杭州奥立达,TA1.75D-H,1,MC,,DC110V,400*5*10*16,有,默纳克,海1387,7米,,奥立达铭牌1.1版本 ,D型，型号WYT前加大写ALD 奥立达包装箱,2015/1/5,,,BLB,,,2014-K-3835,,华东1
YM150304C,杭州奥立达,TA1.75E-H,1,MC,,DC110V,400*5*10*16,有,默纳克,海1387,7米,,奥立达铭牌1.1版本 ,D型，型号WYT前加大写ALD 奥立达包装箱,2015/3/4,,,BLB,,,11500504,,华东1
YM150302P,杭州奥立达,U1.0ES-H,1,MM,,DC110V,480*7*12*18,有,默纳克,海1387,7米,,奥立达铭牌1.1版本 铭牌打“3000KG 0.5M/S”4：1,D型，型号WYT前加大写ALD 奥立达包装箱,2015/3/4,,,BLB,,,11500508,,华东1
YM150105B,杭州天奥电梯,S2.0D-H,1,BCC,,DC110V,400*5*10*16,有,富士,海1387,10米,,蓝光铭牌,散头,2015/1/6,,,14EA,,,,,华东1
YM141226B,杭州新马,曳引轮,1,,,,400*5*10*16,,,,,,,"木箱包装，WYT-S-3D(2.2版),S1.75C主机用,04年主机",2015/1/5,,,,,,,,华东1
YM150113A,杭州新马,曳引轮,1,,,,400*4*10*16,,,,,,,WYT-S-3D，2.2版，木箱包装，出厂编码07L0852,2015/1/19,,,,,,,,华东1
GLR201501030001（14LS093）,苏州歌拉瑞,TA1.0B-H,1,MC,,DC110V,400*4*10*16,无,默纳克,海1387,9米,,蓝光英文铭牌,D型.,2015/1/5,,煤灰色,BLB,,,,,华东1
YN150310A,天津宏翔,S1.5C-H,1,BCC,,DC110V,400*5*10*16,有,默纳克,海1387,10米,,蓝光铭牌,D型,2015/3/11,,,14EA,,,,,北方
YN15-0036,天津宏翔,TA1.75B-H,2,MC,,DC220V,400*4*10*16,有,蓝光一体化,海1387,10米,,蓝光中文铭牌，英文随机资料,D型,2015/1/26,,,BLB,,,,,北方
YE150303G,沃克斯电梯（上海腾能）,S2.5D-H,3,BCC,,AC220V,400*5*10*16,有,新时达,海1387,9米,,蓝光铭牌,"D型 ,沃克斯包装箱",2015/3/3,,,14EB2,,,V14N7297，7301，7305(WKS20150303041),,华东1
YE150109G,沃克斯电梯（上海腾能）,TA0.5C-H,1,MC,,DC110V,400*4*10*16,有,新时达,海1387,9米,,沃克斯铭牌MP-93,D型，沃克斯包装箱,2015/1/9,,,BLB,,,V14NA347(POORD02121),,华东1
YE150120G,沃克斯电梯（上海腾能）,TA1.0B-H,1,MC,,DC110V,400*4*10*16,有,新时达,海1387,9米,,蓝光英文铭牌,D型，TA出口包装,2015/1/21,,,BLB,,,V15NE0001(WKS20150121030),,华东1
YE150311H,沃克斯电梯（上海腾能）,TA1.0C-H,1,MC,,DC110V,400*4*10*16,有,默纳克,海1387,9米,,沃克斯铭牌MP-93,D型， 沃克斯包装箱,2015/3/11,,,BLB,,,V14NA150(WKS20150310163),,华东1
YE150105F,沃克斯电梯（上海腾能）,TA1.0D-H,1,MC,,DC110V,400*5*10*16,有,新时达,海1387,9米,,蓝光铭牌,D型，沃克斯包装箱,2015/1/5,,,BLB,,,V14NA980(WKS20150105012),,华东1
YE150203C,沃克斯电梯（上海腾能）,TA1.5B-H,3,MC,,DC110V,400*4*10*16,有,新时达,海1387,9米,,蓝光铭牌,D型，沃克斯包装箱,2015/2/3,,,BLB,,,V13N8144-8146(WKS20150202051),,华东1
YE150108L,沃克斯电梯（上海腾能）,TA1.5D-H,2,MC,,DC110V,400*5*10*16,有,默纳克,海1387,9米,,蓝光铭牌 载重打1050KG,D型，沃克斯包装箱,2015/1/8,,,BLB,,,V14N6335-6336(WKS20150108070),,华东1
YE150306C,沃克斯电梯（上海腾能）,TA1.75B-H,8,MC,,DC110V,400*4*10*16,有,默纳克,海1387,9米,,沃克斯铭牌MP-93,"D型 ,沃克斯包装箱",2015/3/9,,,BLB,,,V14N9408-9415(WKS20141127507),,华东1
YE150106D,沃克斯电梯（上海腾能）,TA1.75C-H,8,MC,,DC110V,400*4*10*16,有,默纳克,海1387,9米,,蓝光铭牌,D型，沃克斯包装箱,2015/1/6,,,BLB,,,V14N2799-2806(WKS20150106007),,华东1
YE150305B,沃克斯电梯（上海腾能）,TA1.75D-H,8,MC,,DC110V,400*5*10*16,有,新时达,海1387,9米,,蓝光铭牌,D型 沃克斯包装箱,2015/3/5,,,BLB,,,V14N7641-7642，7645-7650(WKS20150305035),,华东1
YE150109J,沃克斯电梯（上海腾能）,TA2.0D-H,4,MC,,DC110V,400*5*10*16,有,新时达,海1387,9米,,蓝光铭牌,D型，沃克斯包装箱,2015/1/9,,,BLB,,,V12N0761-0762，0764-0765(WKS20150109055),,华东1
YE150309C,沃克斯电梯（上海腾能）,U1.0ES-H,1,MM,,DC110V,480*6*12*18,有,新时达,海1387,9米,,沃克斯铭牌MP-93,"D型 ,沃克斯包装箱",2015/3/9,,,BLB,,,V14NB658(WKS20150309001),,华东1
YE150105A,沃克斯电梯（上海腾能）,U1.75ES-H,1,MM,,DC110V,480*6*12*18,有,新时达,海1387,9米,,蓝光铭牌,D型，沃克斯包装箱,2015/1/5,,,BLB,,,V14NA964(WKS20140903432),,华东1
YE150212A,沃克斯电梯（上海腾能）,U2.0DS-H,4,MM,,DC110V,480*6*12*18,有,默纳克,海1387,9米,,沃克斯铭牌MP-93,D型，沃克斯包装箱,2015/2/12,,,BLB,,,V14NB643-646(WKS20150212038),,华东1
GLR201502090011（G15NA008）,苏州歌拉瑞,TA1.0C-H,1,MC,,DC110V,400*4*10*16,有,默纳克,海1387,9米,,歌拉瑞中文铭牌，型号打：GWZ01A-02,D型，歌拉瑞包装,2015/2/10,,煤灰色,BLB,,,,,华东1
YE150116A,沃克斯电梯（上海腾能）,Y1.0F2-H,1,EWW,复,DC110V,480*12*12*15-3F(C),有,新时达,海1387,9米,,蓝光铭牌,D型，沃克斯包装箱,2015/1/16,,,16E3B2A,,,V14NA998(POORD002166),,华东1
YE150115H,沃克斯电梯（上海腾能）,Y1.6F2-H,2,EWW,复,DC110V,480*12*12*15-3F(C),有,新时达,海1387,9米,,蓝光铭牌，铭牌打1.5m/s,D型，沃克斯包装箱,2015/1/16,,,16E3B2A,,,V14NA996-A997(POORD002166),,华东1
YE150202C,沃克斯电梯（上海腾能）,Y2.5B3-H,2,AWW,,AC220V,410*6*10*16-3C,有,新时达,海1387,9米,,蓝光铭牌,"D型,沃克斯包装箱",2015/2/2,,,16E3B2,,,V14N0978-0979(WKS20150202001),,华东1
GLR201501050017（G14NB500）,苏州歌拉瑞,TA1.0D-H,1,MC,,DC110V,400*5*10*16,无,默纳克,海1387,9米,,蓝光铭牌,D型，歌拉瑞包装,2015/1/6,,煤灰色,BLB,,,,,华东1
GLR201502120002(115LSP011-012),苏州歌拉瑞,TA1.5B-H,2,MC,,DC110V,400*4*10*16,有,默纳克,海1387,9米,,蓝光英文铭牌,D型,2015/2/12,,煤灰色,BLB,,,,,华东1
GLR201501290005（G15NA001-006）,苏州歌拉瑞,TA1.5D-H,6,MC,,DC110V,400*5*10*16,有,默纳克,海1387,9米,,苏州歌拉瑞中文铭牌，型号打：GWZ01A-02,D型.歌拉瑞包装,2015/1/29,,煤灰色,BLB,,,,,华东1
GLR201502120023（115LSPM005）,苏州歌拉瑞,TA1.5E-H,1,MC,,DC110V,400*5*10*16,无,默纳克,海1387,9米,,蓝光英文铭牌,D型,2015/2/12,,煤灰色,BLB,,,,,华东1
GLR201502110022（G15NK022-025）,苏州歌拉瑞,TA1.75D-H,4,MC,,DC110V,400*5*10*16,有,蓝光一体化,海1387,9米,,歌拉瑞英文铭牌，型号打：GWZ01A-02,D型，歌拉瑞包装，所有随机资料，主机及部件铭牌全部为英文，不允许有任何中文及拼音标识,2015/2/12,,煤灰色,BLB,,,,,华东1
GLR201502130008（G15NL026）,苏州歌拉瑞,TA1.75E-H,1,MC,,DC110V,400*5*10*16,有,默纳克,海1387,9米,,歌拉瑞中文铭牌，型号打：GWZ01A-02,"D型 ,歌拉瑞包装",2015/2/13,,煤灰色,BLB,,,,,华东1
GLR201501050012(G14NH037-038),苏州歌拉瑞,TA2.0D-H,2,MC,,DC110V,400*5*10*16,有,默纳克,海1387,9米,,蓝光铭牌,D型，歌拉瑞包装,2015/1/6,,煤灰色,BLB,,,,,华东1
GLR201501150004（G14NC073）,苏州歌拉瑞,U0.5FS-H,1,MM,,DC110V,480*6*12*18,无,默纳克,海1387,9米,,蓝光铭牌,D型，歌拉瑞包装,2015/1/15,,煤灰色,BLB,,,,,华东1
预投,苏州歌拉瑞,U1.0DS-H,1,MM,,DC110V,480*6*12*18,有,默纳克,海1387,9米,,蓝光铭牌,"D型,歌拉瑞包装",2015/3/9,,煤灰色,BLB,,,,,华东1
GLR201503060001（G15NK027-028）,苏州歌拉瑞,U1.0ES-H,2,MM,,DC110V,480*6*12*18,有,默纳克,海1387,9米,,蓝光铭牌,"D型,歌拉瑞包装",2015/3/6,,煤灰色,BLB,,,,,华东1
预投,苏州歌拉瑞,U1.0FS-H,1,MM,,DC110V,480*7*12*18,有,默纳克,海1387,9米,,蓝光铭牌,"D型,歌拉瑞包装",2015/3/9,,煤灰色,BLB,,,,,华东1
YM150115C,浙江飞亚,TA1.0C-H,1,MC,, DC110V ,400*5*10*16,有,蓝光一体化,海1387,7米,,蓝光铭牌,D型,2015/1/15,,,BLB,,,金典,,华东1
YM150115B,浙江飞亚,TA1.0D-H,1,MC,, DC110V ,400*5*10*16,有,蓝光一体化,海1387,7米,,蓝光铭牌,D型,2015/1/15,,,BLB,,,义乌福奥,,华东1
YM150205G,浙江飞亚,Y1.0CS-H,1,AWW,,DC110V,410*7*10*16-3C,有,蓝光一体化,海1387,7米,,蓝光铭牌,"D型 ,有库存，不用排产",2015/2/6,,,16E3B2A,,,,,华东1
YM150108A,浙江富控,TA1.75D-H,4,MC,,DC110V,400*5*10*16,有,默纳克,海1387,7米,,蓝光铭牌 ,D型，要原点值,2015/1/12,,,BLB,,,F40037T01-T04澄碧花园第一批,,华东1
YM150205B,浙江汉诺威,TA1.0D-H,1,MC,,DC110V,400*5*10*16,有,默纳克,海1387,10米,,蓝光铭牌,D型,2015/2/5,,,BLB,,,HNW2015K0005,,华东1
YM150302Q,浙江汉诺威,U1.0DS-H,1,MM,,DC110V,480*7*12*18,有,新时达,海1387,10米,,蓝光铭牌,D型,2015/3/9,,,BLB,,,HNW2015K0009,,华东1
YM150306A,浙江喜来登,TA1.0C-H,1,MC,,DC110V,400*5*10*16,有,默纳克,海1387,8米配,,蓝光铭牌,D型，减震1套（赠）,2015/3/9,,,BLB,,,XDL15K0718 永嘉县乌牛锦泰华商宾馆,,华东1
YM150306C,浙江喜来登,TA1.0E-H,1,MC,,DC110V,400*5*10*16,有,默纳克,海1387,8米配,,蓝光铭牌,D型，减震1套（赠）,2015/3/9,,,BLB,,,XDL15K0628李志坚,,华东1
YM150128A,浙江喜来登,TA1.5B-H,1,MC,,DC110V,400*4*10*16,有,默纳克,海1387,8米配,,蓝光铭牌,D型，减震1套（赠）,2015/1/29,,,BLB,,,XDL15K0388许清江,,华东1
YM150128D,浙江喜来登,TA1.5D-H,1,MC,,DC110V,400*5*10*16,有,默纳克,海1387,8米配,,蓝光铭牌,D型，减震1套（赠）,2015/1/29,,,BLB,,,XDL15K0398福建省金加工时恒达裕皮革制品有限公司,,华东1
YM150127A,浙江喜来登,TA1.5DL-H,1,MC,,DC110V,480*5*10*16,有,默纳克,海1387,8米配,,"蓝光铭牌，悬挂比4:1，铭牌打：2000KG,梯速：0.75m/s",D型，减震1套（赠）,2015/1/27,,,BLB,,,XDL15K0358温州市程丰金属制品厂,,华东1
SYLG150109A,韩国富士,T1.0BM-H,5,MC,,DC110V,325*5*8*12,有,富士,海1387,10米,,"韩国富士铭牌,需要贴韩国富士专用KTL贴（TA1.0B的）","出口包装箱（2层），减震垫10块（赠,WYT-TAM-5），机座外型特殊，韩国富士用图纸,另每台带4个M16*45螺栓,预先接上编码器电缆",2015/1/9,,,BLB,,,,,国际
SYLG150210A,韩国富士,T1.0BM-H,10,MC,,DC110V,325*5*8*12,有,富士,海1387,10米,,"韩国富士铭牌,需要贴韩国富士专用KTL贴（TA1.0B的）","出口包装箱（2层），减震垫20块（赠,WYT-TAM-5），机座外型特殊，韩国富士用图纸,另每台带4个M16*45螺栓,预先接上编码器电缆",2015/2/10,,,BLB,,,,,国际
SYLG150309A,韩国富士,U1.0ES-H,2,MM,,DC110V,480*7*12*18,有,富士,海1387,10米,,韩国富士铭牌,"减震垫8块（赠）,U出口包装箱（2层）,预先接上编码器电缆",2015/3/9,,,BLB,,,,,国际
YE150107F,浙江快奥,TA1.0C-H,1,MC,,DC110V,400*5*10*16,有,默纳克,海1387,7米,,蓝光铭牌,D型 ,2015/1/8,,,BLB,,,,,华东1
YE150119J,浙江快奥,TA1.5D-H,1,MC,,DC110V,400*5*10*16,有,默纳克,海1387,10米,,蓝光铭牌,D型 ,2015/1/20,,,BLB,,,,,华东1
YE150120F,浙江快客,TA1.0B-H,1,MC,,DC110V,400*4*10*16,有,新时达,海1387,7米,,蓝光铭牌 ,D型 ,2015/1/21,,,BLB,,,HT15010010(L1),,华东1
YE150203B,浙江快客,TA1.0C-H,1,MC,,DC110V,400*5*10*16,有,新时达,海1387,7米,,蓝光铭牌 ,D型 ,2015/2/3,,,BLB,,,HT15010014(L1),,华东1
YE150105N,浙江快客,TA1.0D-H,1,MC,,DC110V,400*5*10*16,有,默纳克,海1387,7米,,蓝光铭牌,D型,2015/1/6,,,BLB,,,HT14120135(L1),,华东1
YE150129F,浙江快客,TA1.5D-H,4,MC,,DC110V,400*5*10*16,有,默纳克,海1387,7米,,蓝光铭牌 ,D型 ,2015/1/29,,,BLB,,,HT14120147（L1-L4）,,华东1
YE150310F,浙江快速,TA1.0D-H,1,MC,,DC110V,400*5*10*16,无,默纳克,海1387,8米,,蓝光铭牌,D型,2015/3/11,,,BLB,,,LD15B3740,,华东1
YE141230E,浙江南奥,TA1.0A-H,1,MC,,DC110V,400*4*10*16,有,蓝光一体化,海1387,7米,,蓝光铭牌,D型  ,2015/1/6,,,BLB,,,NA14-K-C5814,,华东1
YE141230F,浙江南奥,TA1.0B-H,1,MC,,DC110V,400*4*10*16,有,蓝光一体化,海1387,7米,,蓝光铭牌,D型,2015/1/6,,,BLB,,,NA14-K-C5815,,华东1
YE150114F,浙江南奥,TA1.0C-H,1,MC,,DC110V,400*5*10*16,有,蓝光一体化,海1387,7米,,蓝光铭牌,D型  ,2015/1/14,,,BLB,,,NA14-K-10302,,华东1
YE150115C,浙江南奥,TA1.0D-H,1,MC,,DC110V,400*5*10*16,有,蓝光一体化,海1387,7米,,蓝光铭牌,D型  ,2015/1/16,,,BLB,,,NA14-K-15802,,华东1
YE150115B,浙江南奥,TA1.6C-H,1,MC,,DC110V,400*5*10*16,有,默纳克,海1387,7米,,蓝光铭牌 ,D型  ,2015/1/16,,,BLB,,,NA15-K-10301,,华东1
SYLG150309B,韩国富士,U1.75DS-H,1,MM,,DC110V,480*7*12*18,有,富士,海1387,10米,,韩国富士铭牌,减震垫4块（赠），U出口包装箱（2层），预先接上编码器电缆,2015/3/9,,,BLB,,,,,国际
SYLG150210D,韩国富士,方型制动器（左）,5,,,DC110V,WYT-TA.3,,,,,,蓝光英文铭牌,"出口包装箱,用在TA1.0D主机上",2015/2/12,,,,,,,,国际
YJN150119B,奥利夫,DZE-14EB2,1,,,AC220V,,,,,,,,木箱包装,2015/1/20,,,,,,,,北方
GY-15-01,博林特,Y1.0EF2-H,1,EWW,,AC220V,480*12*12*15-3F(C),有,默纳克,海1387,7米,,蓝光铭牌,D型，有试验机器，2.3日取消,2015/2/2,,,16E3B2,,,,,北方
GY-15-02,博林特,Y2.5F2-H,1,EWW,复,AC220V,480*12*12*15-3F(C),有,默纳克,海1387,7米,,蓝光铭牌,D型,2015/2/5,,,16E3B2,,,,,北方
YE150105H,浙江怡达,S1.0D-H,1,BCC,,AC220V,400*5*10*16,有,默纳克,海1387,8米,,怡达快速铭牌,D型，要原点值，怡达包装箱和装箱清单，带两张合格证，一张怡达合格证，一张蓝光 ,2015/1/6,,,14EB2,,,D100038/P-201501136,,华东1
YE150122F,浙江怡达,S2.5D-H,1,BCC,,AC220V,400*6*10*16-3G,有,默纳克,海1387,8米,,怡达快速铭牌 ,D型，要原点值，怡达包装箱和装箱清单，带两张合格证，一张怡达合格证，一张蓝光 ,2015/1/22,,,14EB2,,,D110112.1/P-201501711,,华东1
YE150112R,浙江怡达,TA1.0A-H,1,MC,,DC110V,400*4*10*16,有,富士,海1387,8米,,"蓝光英文铭牌 ,载重打400KG",D型，要原点值，出口免熏蒸包装  BG04鲜绿色,2015/1/13,,BG04鲜绿色,BLB,,,SEEIB2015919/P-201501386,,华东1
YE150106S,浙江怡达,TA1.0B-H,1,MC,,DC110V,400*4*10*16,有,默纳克,海1387,8米,,怡达快速铭牌,D型，要原点值，怡达包装箱和装箱清单，带两张合格证，一张怡达合格证，一张蓝光 ,2015/1/7,,,BLB,,,D120015/P-201501231,,华东1
YE150311J,浙江怡达,TA1.0C-H,1,MC,,DC110V,400*5*10*16,有,默纳克,海1387,8米,,怡达快速铭牌,D型，要原点值，怡达包装箱和装箱清单，带两张合格证，一张怡达合格证，一张蓝光 ,2015/3/11,,,BLB,,,E010059/P150311444,,华东1
YE150105G,浙江怡达,TA1.0D-H,1,MC,,DC110V,400*5*10*16,有,默纳克,海1387,8米,,蓝光铭牌 ,D型，要原点值  ,2015/1/6,,,BLB,,,D120116/P-201501136,,华东1
YE150209F,浙江怡达,TA1.0DL-H,3,MC,,DC110V,480*5*10*16,无,富士,海1387,8米,,蓝光英文铭牌,D型，要原点值，出口免熏蒸包装,2015/2/10,,,BLB,,,D04CB091R.3-5/P-201502075,,华东1
YE150105J,浙江怡达,TA1.0E-H,1,MC,,DC110V,400*5*10*16,无,默纳克,海1387,8米,,蓝光英文铭牌,D型，要原点值，出口免熏蒸包装,2015/1/6,,,BLB,,,D12SYS06/P-201501136,,华东1
YE150304L,浙江怡达,TA1.5B-H,1,MC,,DC110V,400*4*10*16,有,默纳克,海1387,8米,,怡达快速铭牌,D型，要原点值，怡达包装箱和装箱清单，带两张合格证，一张怡达合格证，一张蓝光 ,2015/3/5,,,BLB,,,D120017/P-201503244,,华东1
YE150104A,浙江怡达,TA1.5C-H,1,MC,,DC110V,400*5*10*16,有,默纳克,海1387,8米,,怡达快速铭牌,D型，要原点值，怡达包装箱和装箱清单，带两张合格证，一张怡达合格证，一张蓝光 ,2015/1/5,,,BLB,,,D100085/P-201501036,,华东1
YE150119B,浙江怡达,TA1.5D-H,2,MC,,DC110V,400*5*10*16,有,默纳克,海1387,8米,,怡达快速铭牌,D型，要原点值，怡达包装箱和装箱清单，带两张合格证，一张怡达合格证，一张蓝光 ,2015/1/19,,,BLB,,,C09043.5-6/P-201501587,,华东1
YE150310A,浙江怡达,TA1.5DL-H,2,MC,,DC110V,480*5*10*16,无,默纳克,海1387,8米,,怡达快速铭牌 ,D型，要原点值，怡达包装箱和装箱清单，带两张合格证，一张怡达合格证，一张蓝光 ,2015/3/11,,,BLB,,,D090106.1-2/P-201503421,,华东1
YE150302B,浙江怡达,TA1.75C-H,2,MC,,DC110V,400*5*10*16,有,默纳克,海1387,8米,,怡达快速铭牌,D型，要原点值，怡达包装箱和装箱清单，带两张合格证，一张怡达合格证，一张蓝光 ,2015/3/2,,,BLB,,,E010046.3-4/P-201503015,,华东1
YE150302Eg,浙江怡达,TA1.75E-H,1,MC,,DC110V,400*6*10*16-3G,有,默纳克,海1387,8米,,怡达快速铭牌,D型，要原点值，怡达包装箱和装箱清单，带两张合格证，一张怡达合格证，一张蓝光 ,2015/3/2,,,BLB,,,E010046.57/P-201503068,,华东1
YE150302En,浙江怡达,TA1.75E-H,5,MC,,DC110V,400*5*10*16,有,默纳克,海1387,8米,,怡达快速铭牌,D型，要原点值，怡达包装箱和装箱清单，带两张合格证，一张怡达合格证，一张蓝光 ,2015/3/2,,,BLB,,,E010046.63-67/P-201503068,,华东1
YE150115L,浙江怡达,TA2.0D-H,6,MC,,DC110V,400*6*10*16-3G,有,默纳克,海1387,8米,,蓝光铭牌 ,D型，要原点值  ,2015/1/15,,,BLB,,,B04015.21-26/P-201501519,,华东1
YE150109F,浙江怡达,U1.0DS-H,1,MM,,DC110V,480*6*12*18,有,默纳克,海1387,8米,,怡达快速铭牌，铭牌载重1250KG,D型，要原点值，怡达包装箱和装箱清单，带两张合格证，一张怡达合格证，一张蓝光 ,2015/1/9,,,BLB,,,D120048/P150109135,,华东1
YE150311K,浙江怡达,U1.0ES-H,1,MM,,DC110V,480*6*12*18,无,默纳克,海1387,8米,,怡达快速铭牌,D型，要原点值，怡达包装箱和装箱清单，带两张合格证，一张怡达合格证，一张蓝光 ,2015/3/11,,,BLB,,,E020029/P150310405,,华东1
YE150209E,浙江怡达,U1.0FS-H,2,MM,,DC110V,480*6*12*18,无,富士,海1387,8米,,蓝光英文铭牌,D型，要原点值，U出口主机包装箱,2015/2/10,,,BLB,,,D04CB091R.1-2/P-201502075,,华东1
YE150129J,浙江怡达,U1.75ES-H,3,MM,,DC110V,480*6*12*18,有,默纳克,海1387,8米,,怡达快速铭牌 ,D型，要原点值，怡达包装箱和装箱清单，带两张合格证，一张怡达合格证，一张蓝光 ,2015/1/29,,,BLB,,,D020025.3-5/P-2015011038,,华东1
YE150109K,浙江怡达,U1.75FS-H,2,MM,,DC110V,480*6*12*18,有,富士,海1387,8米,,蓝光英文铭牌,D型，要原点值，U出口主机包装箱,2015/1/12,,,BLB,,,D11CB113.1-2/P-201501294,,华东1
YE150119M,浙江屹立,TA1.0C-H,1,MC,,DC110V,400*5*10*16,有,蓝光一体化,海1387,7米,,蓝光铭牌,D型,2015/1/20,,,BLB,,,150156(0135),,华东1
YE150119L,浙江屹立,TA1.0D-H,1,MC,,DC110V,400*5*10*16,有,蓝光一体化,海1387,7米,,蓝光铭牌,D型,2015/1/20,,,BLB,,,150154(0065),,华东1
YE150119K,浙江屹立,TA1.0E-H,1,MC,,DC110V,400*5*10*16,有,蓝光一体化,海1387,7米,,蓝光铭牌,D型,2015/1/20,,,BLB,,,150155(0045),,华东1
YE150101B,浙江屹立,TA1.5B-H,1,MC,,DC110V,400*4*10*16,有,蓝光一体化,海1387,7米,,蓝光铭牌,D型,2015/1/5,,,BLB,,,150103(3209),,华东1
YE150205A,浙江屹立,TA1.75D-H,1,MC,,DC110V,400*5*10*16,有,蓝光一体化,海1387,7米,,蓝光铭牌,D型,2015/2/5,,,BLB,,,150205(0235),,华东1
2015-302A,辽宁富士,TA1.0D-H,1,MC,,DC110V,400*5*10*16,有,默纳克,海1387,7米,,辽宁富士铭牌,D型,2015/1/21,,,BLB,,,,,北方
2015-302B,辽宁富士,U1.75ES-H,1,MM,,DC110V,480*7*12*18,有,默纳克,海1387,7米,,蓝光铭牌,D型,2015/1/27,,,BLB,,,,,北方
YM150302J,辽宁富士(安徽）,TA1.75D-H,5,MC,,DC220V,400*5*10*16,有,安川,海1387,8米,,蓝光铭牌,,2015/3/2,,,BLB,,,,,北方
CQT201502-6,山东百斯特,S1.0D-H,1,BCC,,AC220V,400*5*10*16,无,默纳克,海1387,10米,8米,蓝光铭牌,D型,2015/3/11,,,14EA,,,,,北方
CQT201501-22,山东百斯特,TA1.0C-H,1,MC,,DC110V,400*5*10*16,有,默纳克,海1387,10米,,蓝光铭牌,D型,2015/1/9,,,BLB,,,,,北方
预投YS150106.25,珠江中富,TA1.0B-H,20,MC,,DC110V,400*4*10*16,有,默纳克,海1387,7米配,,蓝光铭牌,D型 ,2015/1/6,,,BLB,,,,,华南
预投YS150106.26,珠江中富,TA1.0C-H,20,MC,,DC110V,400*5*10*16,有,默纳克,海1387,7米配,,蓝光铭牌,D型 ,2015/1/6,,,BLB,,,,,华南
预投YS150106.27,珠江中富,TA1.0D-H,20,MC,,DC110V,400*5*10*16,有,默纳克,海1387,7米配,,蓝光铭牌,D型 ,2015/1/6,,,BLB,,,,,华南
CQT201501-24-25,山东百斯特,U1.0ES-H,2,MM,,DC110V,480*7*12*18,无,默纳克,海1387,10米,,蓝光铭牌,D型,2015/1/12,,,BLB,,,,,北方
CQT201502-2-5,山东百斯特,U1.75ES-H,4,MM,,DC110V,480*7*12*18,无,默纳克,海1387,10米,,蓝光铭牌,D型,2015/2/2,,,BLB,,,,,北方
15-1525,山东博尔特,TA1.6D-H,1,MC,,DC110V,400*5*10*16,有,施耐德,海1387,10米,,蓝光铭牌,,2015/3/4,,,BLB,,,,,北方
预投YS150106.28,珠江中富,TA1.6CL-H,20,MC,,DC110V,480*5*10*16,有,默纳克,海1387,7米配,,蓝光铭牌,D型 ,2015/1/6,,,BLB,,,,,华南
15-1469,山东博尔特,U1.0DS-H,1,MM,,DC110V,480*7*12*18,无,默纳克,海1387,10米,,蓝光铭牌,D型,2015/1/26,,,BLB,,,,,北方
预投YS150106.30,珠江中富,TA1.6DL-H,20,MC,,DC110V,480*5*10*16,有,默纳克,海1387,7米配,,蓝光铭牌,D型 ,2015/1/6,,,BLB,,,,,华南
预投YS150106.29,珠江中富,TA1.75CL-H,20,MC,,DC110V,480*5*10*16,有,默纳克,海1387,7米配,,蓝光铭牌,D型 ,2015/1/6,,,BLB,,,,,华南
预投YS150106.31,珠江中富,TA1.75DL-H,20,MC,,DC110V,480*5*10*16,有,默纳克,海1387,7米配,,蓝光铭牌,D型 ,2015/1/6,,,BLB,,,,,华南
FJ14-10-411-416,山东富士,U1.75ES-H,6,MM,,DC220V,480*7*12*18,有,默纳克,海1387,10米配,,蓝光铭牌,D型,2015/3/3,,,BLB,,,,,北方
FJ-70000,山东富士,U2.5ES-H,1,MM,,DC220V,480*7*12*18,有,默纳克,海1387,10米配,,蓝光铭牌,D型,2015/1/19,,,BLB,,,,,北方
YAIJ201501-12,山东莱茵艾佳,TA1.0D-H,1,MC,,DC220V,400*5*10*16,无,默纳克,海1387,10米,,蓝光铭牌,D型,2015/1/7,,,BLB,,,,,北方
YAIJ201501-03,山东莱茵艾佳,TA1.5C-H,3,MC,,DC220V,400*5*10*16,有,蓝光一体化,海1387,10米,,蓝光铭牌,D型,2015/1/23,,,BLB,,,,,北方
YAIJ201501-01,山东莱茵艾佳,TA1.5D-H,5,MC,,DC220V,400*5*10*16,有,蓝光一体化,海1387,10米,,蓝光铭牌,D型,2015/1/23,,,BLB,,,,,北方
YAIJ201501-14,山东莱茵艾佳,U1.0ES-H,1,MM,,DC110V,480*7*12*18,无,默纳克,海1387,10米,,蓝光铭牌,D型,2015/1/14,,,BLB,,,,,北方
14-32098,沈阳三洋,TA1.5B(S)-H,1,MC,,DC110V,400*4*10*16-2(SA),有,,海1387,7米,,沈阳三洋铭牌,D型,2015/1/28,,,BLB,,,,,北方
N15-0005,天津奥富特,TA1.0C-H,4,MC,,DC220V,400*5*10*16,有,蓝光一体化,海1387,10米,,蓝光铭牌,D型,2015/1/9,,,BLB,,,,,北方
