711040,珠江中富,TA1.0D-H,0,MC,无,DC110V,400*5*10*16,有,默纳克,海1387,7米配,,珠江富士（中国）铭牌，载重打1050KG,D型 ,2015/1/1,AC380V,海蓝环保水性自干漆,WYT-TA.3(10簧）,,蓝光标准包装箱,,,华南,低,N,N
803013-803014,珠江中富,TA1.0D-H,0,MC,无,DC110V,400*5*10*16,有,默纳克,海1387,7米配,,珠江富士（中国）铭牌,D型 ,2015/1/1,AC380V,海蓝环保水性自干漆,WYT-TA.3(10簧）,,蓝光标准包装箱,,,华南,低,N,N
711117,珠江中富,TA1.6DL-H,0,MC,无,DC110V,480*5*10*16,有,默纳克,海1387,7米配,,蓝光铭牌，载重打900KG,D型 ,2015/1/1,AC380V,海蓝环保水性自干漆,WYT-TA.3(12簧）,,蓝光标准包装箱,,,华南,低,N,N
801070-801073,珠江中富,TA1.6B-H,0,MC,无,DC110V,400*4*10*16,有,富士,海1387,7米配,,蓝光铭牌,D型,2015/1/1,AC380V,海蓝环保水性自干漆,WYT-TA.3A(10簧）,,蓝光标准包装箱,,,华南,低,N,N
803015,珠江中富,TA1.0C-H,0,MC,无,DC110V,400*5*10*16,无,默纳克,海1387,7米配,,珠江富士（中国）铭牌,D型 ,2015/1/1,AC380V,海蓝环保水性自干漆,WYT-TA.3(10簧）,,蓝光标准包装箱,,,华南,低,N,N
803030-803031,珠江中富,U1.6ES-H,0,MM,无,DC110V,480*7*12*18,有,默纳克,海1387,7米配,,珠江富士（中国）铭牌,D型,2015/1/1,AC380V,海蓝环保水性自干漆,WYT-U.3(2T以下）,,蓝光标准包装箱,,,华南,低,N,N
2014-213A-J,辽宁三洋,TA1.0C-H,0,MC,无,DC110V,400*5*10*16,无,默纳克,海1387,7米,,辽宁富士铭牌,D型,2015/1/1,AC380V,海蓝环保水性自干漆,WYT-TA.3(10簧）,,蓝光标准包装箱,,,北方,低,N,N
YN150317A,北方个人,DZE-14EB2S,0,,无,AC220V,,无,,,,,,木箱包装，上出线,2015/1/1,AC380V,海蓝环保水性自干漆,,,蓝光标准包装箱,,,北方,低,N,N
YN150316A,齐齐哈尔建华,S1.0D-H,0,BCC,无,AC220V,400*5*10*16,无,蓝光一体化,海1387,7米,4米,蓝光铭牌,D型,2015/1/1,AC380V,海蓝环保水性自干漆,DZE-14EA,,蓝光标准包装箱,,,北方,低,N,N
PO01503170008.2,广州广日,TA1.75C-H,0,MC,无,DC110V,V400*5*8*14-2M,无,新时达,海1387,7米,,"广日铭牌，作业号：16818488E 载重打印825KG
1.75梯速打1.75/1.5
",D型，提供原点值，β85 γ50 V型，防护罩用WYT-TA.6B,2015/1/1,AC380V,豆绿色,WYT-TA.3(10簧）,,蓝光标准包装箱,,,华南,低,N,N
YS150313C,广东亚太西奥,S1.75D-H,0,BCC,无,DC110V,400*5*10*16,有,默纳克,海1387,7米,,广东亚太西奥铭牌,D型,2015/1/1,AC380V,海蓝环保水性自干漆,DZE-14EA,,蓝光标准包装箱,XAK20150206-1-3,,华南,低,N,N
91038,珠江中富,TA1.6D-H,0,MC,无,DC110V,400*5*10*16,无,默纳克,海1387,7米配,,蓝光铭牌，载重打1050KG,D型 ,2015/1/1,AC380V,海蓝环保水性自干漆,WYT-TA.3(10簧）,,蓝光标准包装箱,,,华南,低,N,N
711116,珠江中富,TA1.0B-H,0,MC,无,DC110V,400*4*10*16,无,默纳克,海1387,7米配,,珠江富士（中国）铭牌,D型 ,2015/1/1,AC380V,海蓝环保水性自干漆,WYT-TA.3A(10簧）,,蓝光标准包装箱,,,华南,低,N,N
91034,珠江中富,TA1.6DL-H,0,MC,无,DC110V,480*5*10*16,有,默纳克,海1387,7米配,,蓝光铭牌，载重打1050KG,D型 ,2015/1/1,AC380V,海蓝环保水性自干漆,WYT-TA.3(12簧）,,蓝光标准包装箱,,,华南,低,N,N
91036-91037,珠江中富,TA1.75D-H,0,MC,无,DC110V,400*5*10*16,无,默纳克,海1387,7米配,,"蓝光铭牌,铭牌载重打1050KG ",D型 ,2015/1/1,AC380V,海蓝环保水性自干漆,WYT-TA.3(10簧）,,蓝光标准包装箱,,,华南,低,N,N
YS150317A,广东广船,TA1.75DL-H,0,MC,无,DC110V,480*5*10*16,有,默纳克,海1387,7米,,蓝光铭牌,D型 ,2015/1/1,AC380V,海蓝环保水性自干漆,WYT-TA.3(12簧）,,蓝光标准包装箱,13833600b    L2,,华南,低,N,N
YE150317E,沃克斯电梯（上海腾能）,TA1.0D-H,0,MC,无,DC110V,400*5*10*16,有,默纳克,海1387,9米,,沃克斯铭牌MP-93检验报告,D型 沃克斯包装箱  工号：V15N1265(WKS20150317055),2015/1/1,AC380V,海蓝环保水性自干漆,WYT-TA.3(10簧）,,特殊包装箱,V15N1265(WKS,,华东1,低,N,N
YE150317H,沃克斯电梯（上海腾能）,TA1.75C-H,0,MC,无,DC110V,400*4*10*16,有,默纳克,海1387,9米,,沃克斯铭牌MP-93检验报告,D型 沃克斯包装箱  工号：V14N6564(WKS20150317038),2015/1/1,AC380V,海蓝环保水性自干漆,WYT-TA.3(10簧）,,特殊包装箱,V14N6564(WKS,,华东1,低,N,N
YE150317J,沃克斯电梯（上海腾能）,TA1.75D-H,0,MC,无,DC110V,400*5*10*16,有,默纳克,海1387,9米,,沃克斯铭牌MP-93检验报告,D型 沃克斯包装箱   工号：V14N6565(WKS20150317038),2015/1/1,AC380V,海蓝环保水性自干漆,WYT-TA.3(10簧）,,特殊包装箱,V14N6565(WKS,,华东1,低,N,N
YE150317K,沃克斯电梯（上海腾能）,TA1.75D-H,0,MC,无,DC110V,400*5*10*16,有,默纳克,海1387,9米,,沃克斯铭牌MP-93检验报告 ,D型 沃克斯包装箱   工号：V14N8813-8816(WKS20150317069),2015/1/1,AC380V,海蓝环保水性自干漆,WYT-TA.3(10簧）,,特殊包装箱,V14N8813-8816,,华东1,低,N,N
YE150316E,沃克斯电梯（上海腾能）,S2.5C-H,0,BCC,无,AC220V,400*5*10*16,有,默纳克,海1387,9米,,蓝光铭牌,D型 沃克斯包装箱  工号：V14NB446-449，460-463(WKS20150316001),2015/1/1,AC380V,海蓝环保水性自干漆,DZE-14EB2,,特殊包装箱,V14NB446-449,抚顺,华东1,低,N,N
YE150316D,浙江怡达,TA1.75D-H,0,MC,无,DC110V,400*5*10*16,有,默纳克,海1387,8米,,怡达快速铭牌检验报告,D型，要原点值，怡达包装箱和装箱清单，带两张合格证，一张怡达合格证，一张蓝光   工号：D060056.3-4/P-201503699,2015/1/1,AC380V,海蓝环保水性自干漆,WYT-TA.3(10簧）,,特殊包装箱,D060056.3-4/P-,苏州,华东1,低,N,N
YN150316B,北方个人,DZE-14EAS,0,,无,DC110V,,无,,,,,,木箱包装,2015/1/1,AC380V,海蓝环保水性自干漆,,,蓝光标准包装箱,,,北方,低,N,N
YE150316C,奥玛斯电梯（苏州）,TA1.5C-H,0,MC,无,DC110V,400*5*10*16,无,默纳克,海1387,7米,,蓝光铭牌,D型,2015/1/1,AC380V,海蓝环保水性自干漆,WYT-TA.3(10簧）,,蓝光标准包装箱,20150307,,华东1,低,N,N
YN150316C,北方个人,曳引轮,0,,无,,410*6*10*16-Y.1-8B,无,,,,,,木箱包装,2015/1/1,AC380V,海蓝环保水性自干漆,,,蓝光标准包装箱,,,北方,低,N,N
YN150316D,北方个人,DZE-16E3B2,0,,无,AC220V,,无,,,,,,木箱包装,2015/1/1,AC380V,海蓝环保水性自干漆,,,蓝光标准包装箱,,,北方,低,N,N
YE150316L,沃克斯电梯（上海腾能）,TA1.75C-H,0,MC,无,DC110V,400*4*10*16,有,默纳克,海1387,9米,,蓝光铭牌检验报告,D型 沃克斯包装箱  工号：V14NB464-483(WKS20150316019),2015/1/1,AC380V,海蓝环保水性自干漆,WYT-TA.3(10簧）,,特殊包装箱,V14NB464-483(,,华东1,低,N,N
YE150316A,德尔法电梯,TA1.0D-H,0,MC,无,DC110V,400*5*10*16,有,默纳克,海1387,7米,,蓝光英文铭牌,D型 出口包装,2015/1/1,AC380V,海蓝环保水性自干漆,WYT-TA.3(10簧）,,出口单层包装箱,D000523K,,华东1,低,N,N
YE150316B,德尔法电梯,U1.5ES-H,0,MM,无,DC110V,480*7*12*18,有,默纳克,海1387,7米,,蓝光英文铭牌,D型 出口包装,2015/1/1,AC380V,海蓝环保水性自干漆,,,出口单层包装箱,D000524K,,华东1,低,N,N
YE150312L,浙江西直门,Y4.0F3-H,0,DWW,无,DC110V,480*8*12*18,有,默纳克,海1387,7米,,蓝光铭牌,D型,2015/1/1,AC380V,海蓝环保水性自干漆,DZE-16E3B2A,,蓝光标准包装箱,,,华东1,低,N,N
YE150316K,浙江怡达,U1.0DS-H,0,MM,无,DC110V,480*6*12*18,有,默纳克,海1387,8米,,怡达快速铭牌 铭牌打1250KG检验报告,D型，要原点值，怡达包装箱和装箱清单，带两张合格证，一张怡达合格证，一张蓝光   工号：E020018/P150314604,2015/1/1,AC380V,海蓝环保水性自干漆,WYT-U.3(2T以下）,,特殊包装箱,E020018/P1503,,华东1,低,N,N
YE150316J,浙江怡达,TA1.5D-H,0,MC,无,DC110V,400*5*10*16,有,默纳克,海1387,8米,,怡达快速铭牌检验报告,D型，要原点值，怡达包装箱和装箱清单，带两张合格证，一张怡达合格证，一张蓝光   工号：D120108.1/P150314603,2015/1/1,AC380V,海蓝环保水性自干漆,WYT-TA.3(10簧）,,特殊包装箱,D120108.1/P15,,华东1,低,N,N
YE150316H,浙江怡达,TA1.5D-H,0,MC,无,DC110V,400*5*10*16,有,默纳克,海1387,8米,,怡达快速铭牌检验报告,D型，要原点值，怡达包装箱和装箱清单，带两张合格证，一张怡达合格证，一张蓝光   工号：D120108.2/P150314602,2015/1/1,AC380V,海蓝环保水性自干漆,WYT-TA.3(10簧）,,特殊包装箱,D120108.2/P15,,华东1,低,N,N
YE150316G,浙江怡达,TA1.0D-H,0,MC,无,DC110V,400*5*10*16,无,默纳克,海1387,8米,,"怡达快速铭牌,铭牌打4;1 2000KG 0.5M/S        检验报告",D型，要原点值，怡达包装箱和装箱清单，带两张合格证，一张怡达合格证，一张蓝光   工号：E010036/P150314601,2015/1/1,AC380V,海蓝环保水性自干漆,WYT-TA.3(10簧）,,特殊包装箱,E010036/P1503,,华东1,低,N,N
YE150316F,浙江怡达,TA1.0C-H,0,MC,无,DC110V,400*5*10*16,有,西威,海1387,8米,,蓝光铭牌检验报告,D型，要原点值   工号：E010023/P150314526,2015/1/1,AC380V,海蓝环保水性自干漆,WYT-TA.3(10簧）,,蓝光标准包装箱,E010023/P1503,,华东1,低,N,N
YE150316M,沃克斯电梯（上海腾能）,TA1.75D-H,0,MC,无,DC110V,400*5*10*16,有,新时达,海1387,9米,,沃克斯铭牌MP-93检验报告,D型 沃克斯包装箱   工号：V14N0959-0960(WKS20150316049),2015/1/1,AC380V,海蓝环保水性自干漆,WYT-TA.3(10簧）,,特殊包装箱,V14N0959-0960,,华东1,低,N,N
YE150316N,沃克斯电梯（上海腾能）,TA2.0D-H,0,MC,无,DC110V,400*5*10*16,有,新时达,海1387,9米,,蓝光铭牌检验报告,D型 沃克斯包装箱   工号：V14N1957-1962(WKS20150316072),2015/1/1,AC380V,海蓝环保水性自干漆,WYT-TA.3(10簧）,,特殊包装箱,V14N1957-1962,,华东1,低,N,N
YE150316R,沃克斯电梯（上海腾能）,TA1.75D-N,0,MC,无,DC110V,400*5*10*16,有,新时达,海1387,9米,,蓝光铭牌，铭牌打1050kg检验报告,D型 沃克斯包装箱 合格证按1050kg开   工号：V14N4939-4942(WKS20150316060),2015/1/1,AC380V,海蓝环保水性自干漆,WYT-TA.3(10簧）,,特殊包装箱,V14N4939-4942,,华东1,低,N,N
YE150316S,沃克斯电梯（上海腾能）,TA1.75D-N,0,MC,无,DC110V,400*5*10*16,有,新时达,海1387,9米,,沃克斯铭牌MP-93检验报告,D型 沃克斯包装箱  工号：V14N0961-0962，0951-0952(WKS20150316036),2015/1/1,AC380V,海蓝环保水性自干漆,WYT-TA.3(10簧）,,特殊包装箱,V14N0961-0962,,华东1,低,N,N
YE150316U,沃克斯电梯（上海腾能）,TA1.75D-N,0,MC,无,DC110V,400*5*10*16,有,新时达,海1387,9米,,蓝光铭牌检验报告,D型 沃克斯包装箱  工号：V14N8211-8212(WKS20150316081),2015/1/1,AC380V,海蓝环保水性自干漆,WYT-TA.3(10簧）,,特殊包装箱,V14N8211-8212,,华东1,低,N,N
GY-15-03,博林特,Y2.0F2-H,0,EWW,无,AC220V,480*12*12*15-3F(C),有,默纳克,海1387,7米,,蓝光英文铭牌,D型,2015/1/1,AC380V,海蓝环保水性自干漆,DZE-16E3B2,,蓝光标准包装箱,,,北方,低,N,N
JYN150312A,北京航天金羊,TA1.75C-H,0,MC,无,DC220V,400*5*10*16,有,蓝光一体化,海1387,10米,,航天金羊铭牌型号RT20/出场编码AJEC  （Y机型号RT40),D型,2015/1/1,AC380V,海蓝环保水性自干漆,WYT-TA.3(10簧）,,蓝光标准包装箱,,,北方,低,N,N
JYN150312A,北京航天金羊,TA1.0C-H,0,MC,无,DC220V,400*5*10*16,无,蓝光一体化,海1387,10米,,航天金羊铭牌型号RT20/出场编码AJEC,D型,2015/1/1,AC380V,海蓝环保水性自干漆,WYT-TA.3(10簧）,,蓝光标准包装箱,,,北方,低,N,N
JYN150312A,北京航天金羊,TA1.5C-H,0,MC,无,DC220V,400*5*10*16,无,蓝光一体化,海1387,10米,,航天金羊铭牌型号RT20/出场编码AJEC,D型,2015/1/1,AC380V,海蓝环保水性自干漆,WYT-TA.3(10簧）,,蓝光标准包装箱,,,北方,低,N,N
JYN150312A,北京航天金羊,TA1.0D-H,0,MC,无,DC220V,400*5*10*16,无,蓝光一体化,海1387,10米,,航天金羊铭牌型号RT20/出场编码AJEC,D型，β=95γ=55,2015/1/1,AC380V,海蓝环保水性自干漆,WYT-TA.3(10簧）,,蓝光标准包装箱,,,北方,低,N,N
YE150316V,沃克斯电梯（上海腾能）,TA1.75D-N,0,MC,无,DC110V,400*5*10*16,有,新时达,海1387,9米,,蓝光铭牌检验报告,D型 沃克斯包装箱   工号：V15N1603-1604(WKS20150316102),2015/1/1,AC380V,海蓝环保水性自干漆,WYT-TA.3(10簧）,,特殊包装箱,V15N1603-1604,,华东1,低,N,N
YE150316W,浙江怡达,TA1.0D-H,0,MC,无,DC110V,400*5*10*16,有,默纳克,海1387,8米,,"怡达快速铭牌,铭牌打4;1 2000KG 0.5M/S        检验报告",D型，要原点值，怡达包装箱和装箱清单，带两张合格证，一张怡达合格证，一张蓝光   工号：E010019.11-15/P-201503757,2015/1/1,AC380V,海蓝环保水性自干漆,WYT-TA.3(10簧）,,特殊包装箱,E010019.11-15/,,华东1,低,N,N
YE150316X,浙江怡达,TA1.0D-H,0,MC,无,DC110V,400*5*10*16,有,默纳克,海1387,8米,,"怡达快速铭牌,铭牌打4;1 2000KG 0.5M/S        检验报告",D型，要原点值，怡达包装箱和装箱清单，带两张合格证，一张怡达合格证，一张蓝光   工号：E010019.16-18/P-201503757,2015/1/1,AC380V,海蓝环保水性自干漆,WYT-TA.3(10簧）,,特殊包装箱,E010019.16-18/,,华东1,低,N,N
YE150316Y,浙江怡达,TA1.0D-H,0,MC,无,DC110V,400*5*10*16,有,默纳克,海1387,8米,,"怡达快速铭牌,铭牌打4;1 2000KG 0.5M/S        检验报告",D型，要原点值，怡达包装箱和装箱清单，带两张合格证，一张怡达合格证，一张蓝光   工号：E010019.1-3/P-201503756,2015/1/1,AC380V,海蓝环保水性自干漆,WYT-TA.3(10簧）,,特殊包装箱,E010019.1-3/P-,,华东1,低,N,N
YE150316Z,浙江怡达,TA1.0D-H,0,MC,无,DC110V,400*5*10*16,有,默纳克,海1387,8米,,"怡达快速铭牌,铭牌打4;1 2000KG 0.5M/S        检验报告",D型，要原点值，怡达包装箱和装箱清单，带两张合格证，一张怡达合格证，一张蓝光   工号：E010019.4-10/P-201503756,2015/1/1,AC380V,海蓝环保水性自干漆,WYT-TA.3(10簧）,,特殊包装箱,E010019.4-10/P,,华东1,低,N,N
YE150316Aa,沃克斯电梯（上海腾能）,TA1.75C-H,0,MC,无,DC110V,400*4*10*16,有,默纳克,海1387,9米,,蓝光铭牌检验报告,D型 沃克斯包装箱  工号：V14NB458-459(WKS20150316122),2015/1/1,AC380V,海蓝环保水性自干漆,WYT-TA.3(10簧）,,特殊包装箱,V14NB458-459(,,华东1,低,N,N
14-33165A4,沈阳三洋,S1.0A-H,0,BCC,无,AC220V,400*4*10*16,无,,海1387,7米,5米,沈阳三洋铭牌,D型,2015/1/1,AC380V,海蓝环保水性自干漆,DZE-14EA,,蓝光标准包装箱,14-33165A4,抚顺,北方,低,N,N
14-33165A1,沈阳三洋,S1.0A-H,0,BCC,无,AC220V,400*4*10*16,无,,海1387,7米,5米,沈阳三洋铭牌,D型,2015/1/1,AC380,海蓝环保水性自干漆,DZE-14EA,,蓝光标准包装箱,14-33165A4,抚顺,北方,低,N,N
14-33165A3,沈阳三洋,S1.0A-H,0,BCC,无,AC220V,400*4*10*16,无,,海1387,7米,5米,沈阳三洋铭牌,D型,2015/1/1,AC380,海蓝环保水性自干漆,DZE-14EA,,蓝光标准包装箱,14-33165A4,抚顺,北方,低,N,N
14-33165A2,沈阳三洋,S1.0A-H,0,BCC,无,AC220V,400*4*10*16,无,,海1387,7米,5米,沈阳三洋铭牌,D型,2015/1/1,AC380,海蓝环保水性自干漆,DZE-14EA,,蓝光标准包装箱,14-33165A4,抚顺,北方,低,N,N
YE150313L,浙江怡达,TA1.0C-H,0,MC,无,DC110V,400*5*10*16,有,CV,海1387,8米,,蓝光铭牌检验报告,要原点值  工号：E010024/P-201503597,2015/1/1,AC380V,海蓝环保水性自干漆,WYT-TA.3(10簧）,,蓝光标准包装箱,E010024/P-201,苏州,华东1,低,N,N
YN15031,沈阳菱诺,DZE-14EA,0,,无,DC110V,,无,,,,,,木箱包装，出厂编号：1420005/2007BCC,2015/1/1,AC380V,海蓝环保水性自干漆,,,蓝光标准包装箱,,抚顺,北方,低,N,N
YE150313B,上海凌天,U1.0FS-H,0,MM,无,DC110V,480*7*12*18,有,富士,海1387,7米,,蓝光英文铭牌及随机资料,,2015/1/1,AC380V,海蓝环保水性自干漆,WYT-U.3(2T）,,蓝光标准包装箱,TEC15-013,抚顺,华东1,低,N,N
YE150313M,沃克斯电梯（上海腾能）,TA1.75C-H,0,MC,无,DC110V,400*4*10*16,有,默纳克,海1387,9米,,蓝光铭牌检验报告,D型 沃克斯包装箱  工号：V14NB450-457(WKS20150313062),2015/1/1,AC380V,海蓝环保水性自干漆,WYT-TA.3(10簧）,,特殊包装箱,V14NB450-457(,苏州,华东1,低,N,N
YS150313B,李程个人（广州广日）,DZE-16E3B2A,0,,无,DC110V,,无,,,,,,木箱包装，载重1350KG，上出线 广日主机,2015/1/1,AC380V,豆绿色,,,蓝光标准包装箱,,,华南,低,N,N
YS150312A,广东联合富士,TA1.0D-H,0,MC,无,DC110V,400*5*10*16,有,默纳克,海1387,7米,,蓝光铭牌,D型,2015/1/1,AC380V,海蓝环保水性自干漆,WYT-TA.3(10簧）,,蓝光标准包装箱,502074,,华南,低,N,N
90060-90062,珠江中富,TA1.6DL-H,0,MC,无,DC110V,480*5*10*16,有,富士,海1387,7米配,,蓝光铭牌，载重打1050KG,D型 ,2015/1/1,AC380V,海蓝环保水性自干漆,WYT-TA.3(12簧）,,蓝光标准包装箱,,,华南,低,N,N
802004,珠江中富,TA1.0D-H,0,MC,无,DC110V,400*5*10*16,无,默纳克,海1387,7米配,,珠江富士（中国）铭牌,D型 ,2015/1/1,AC380V,海蓝环保水性自干漆,WYT-TA.3(10簧）,,蓝光标准包装箱,,佛山,华南,低,N,N
YM150312J,山西铃木,TA1.0B-H,0,MC,无,DC110V,400*4*10*16,有,蓝光一体化,海1387,7米配,,蓝光铭牌,D型,2015/1/1,AC380,电机灰,WYT-TA.3A(10簧）,,蓝光标准包装箱,,苏州,华东2,低,N,N
YM150312L,山西铃木,TA1.5D-H,0,MC,无,DC110V,400*5*10*16,有,蓝光一体化,海1387,7米配,,蓝光铭牌,D型,2015/1/1,AC380,电机灰,WYT-TA.3(10簧）,,蓝光标准包装箱,,苏州,华东2,低,N,N
YM150312K,山西铃木,TA1.0C-H,0,MC,无,DC110V,400*5*10*16,有,蓝光一体化,海1387,7米配,,蓝光铭牌,D型,2015/1/1,AC380,电机灰,WYT-TA.3(10簧）,,蓝光标准包装箱,,苏州,华东2,低,N,N
YE150312M,苏州立达中远（南浔）,TA1.0C-H,0,MC,无,DC110V,400*5*10*16,有,默纳克,海1387,8米,,蓝光铭牌,D型 ,2015/1/1,AC380V,海蓝环保水性自干漆,WYT-TA.3(10簧）,,蓝光标准包装箱,201503061,,华东1,低,N,N
YE150313C,奥瑞斯电梯,TA1.0D-H,0,MC,无,DC110V,400*5*10*16,无,默纳克,海1387,7米,,蓝光铭牌,D型,2015/1/1,AC380V,海蓝环保水性自干漆,WYT-TA.3(10簧）,,蓝光标准包装箱,A15-K-0219,苏州,华东1,低,N,N
YE2015-00720,恒达富士,TA1.0C-H,0,MC,无,DC110V,400*5*10*16,有,富士,海1387,7米,,恒达富士铭牌MP-118 ,D型,2015/1/1,AC380V,海蓝环保水性自干漆,WYT-TA.3(10簧）,,蓝光标准包装箱,2015-00720,苏州,华东1,低,N,N
YE150313D,沃克斯电梯（上海腾能）,TA1.0C-H,0,MC,无,DC110V,400*4*10*16,有,新时达,海1387,9米,,蓝光铭牌检验报告,D型 沃克斯包装箱 工号：V14NC031-043(WKS20150313020),2015/1/1,AC380V,海蓝环保水性自干漆,WYT-TA.3(10簧）,,特殊包装箱,V14NC031-043(,苏州,华东1,低,N,N
YE150313E,浙江怡达,TA1.0D-H,0,MC,无,DC110V,400*5*10*16,有,默纳克,海1387,8米,,怡达快速铭牌,D型，要原点值，怡达包装箱和装箱清单，带两张合格证，一张怡达合格证，一张蓝光  工号：D120069/P150313509,2015/1/1,AC380V,海蓝环保水性自干漆,WYT-TA.3(10簧）,,特殊包装箱,D120069/P1503,苏州,华东1,低,N,N
711120-711122,珠江中富,TA1.0D-H,0,MC,无,DC110V,400*5*10*16,无,默纳克,海1387,7米配,,蓝光铭牌，载重打1050KG,D型 ,2015/1/1,AC380V,海蓝环保水性自干漆,WYT-TA.3(10簧）,,蓝光标准包装箱,,佛山,华南,低,N,N
YS150313E,东莞富士,S1.0D-H,0,BCC,无,DC110V,400*5*10*16,无,默纳克,海1387,7米,6米,蓝光铭牌,D型 ,2015/1/1,AC380V,海蓝环保水性自干漆,DZE-14EA,,蓝光标准包装箱,,抚顺,华南,低,N,N
YN150312C,沈阳三洋电梯安装分公司,曳引轮,0,,无,,400*4*10*16,无,,,,,,WYT-S-3D，2.2版，木箱包装，出厂编码06L0624,2015/1/1,AC380V,海蓝环保水性自干漆,,,蓝光标准包装箱,,抚顺,北方,低,N,N
YE150313F,沃克斯电梯（上海腾能）,TA1.75D-H,0,MC,无,DC110V,400*5*10*16,有,新时达,海1387,9米,,蓝光铭牌检验报告,D型 沃克斯包装箱 工号：V15N0300-0303(WKS20150313048),2015/1/1,AC380V,海蓝环保水性自干漆,WYT-TA.3(10簧）,,特殊包装箱,V15N0300-0303,苏州,华东1,低,N,N
PO01503130097.5,广州广日,U1.0ES-H,0,MM,无,DC110V,V480*7*10*16-2I,有,新时达,海1387,7米,,广日铭牌，作业号：16814997E,D型，提供原点值，V型带切口:100°、50°,2015/1/1,AC380V,豆绿色,WYT-U.3(2T以下）,,蓝光标准包装箱,,抚顺,华南,低,N,N
YE150313G,浙江怡达,TA1.0B-H,0,MC,无,DC110V,400*4*10*16,有,CV,海1387,8米,,蓝光英文铭牌,要原点值，出口免熏蒸包装  工号：E02P218/P-201503600,2015/1/1,AC380V,海蓝环保水性自干漆,WYT-TA.3A(10簧）,,出口免熏蒸包装,E02P218/P-201,苏州,华东1,低,N,N
YE150313H,浙江怡达,TA1.0A-H,0,MC,无,DC110V,400*4*10*16,有,CV,海1387,8米,,蓝光英文铭牌,要原点值，出口免熏蒸包装  工号：E02P219/P-201503600,2015/1/1,AC380V,海蓝环保水性自干漆,WYT-TA.3A(10簧）,,出口免熏蒸包装,E02P219/P-201,苏州,华东1,低,N,N
YE150313J,浙江怡达,TA1.0A-H,0,MC,无,DC110V,400*4*10*16,有,CV,海1387,8米,,蓝光英文铭牌,要原点值，出口免熏蒸包装  工号：E02P220/P-201503600,2015/1/1,AC380V,海蓝环保水性自干漆,WYT-TA.3A(10簧）,,出口免熏蒸包装,E02P220/P-201,苏州,华东1,低,N,N
YE150313K,浙江怡达,TA1.0A-H,0,MC,无,DC110V,400*4*10*16,有,CV,海1387,8米,,蓝光英文铭牌,要原点值，出口免熏蒸包装  工号：E02P221/P-201503600,2015/1/1,AC380V,海蓝环保水性自干漆,WYT-TA.3A(10簧）,,出口免熏蒸包装,E02P221/P-201,苏州,华东1,低,N,N
PO01503130097.4,广州广日,TC2.0E-H,0,,无,DC110V,400*6*10*16-2I,有,新时达,海1387,7米,,广日铭牌，作业号：16812648G,D型，提供原点值，β105 γ40 ,2015/1/1,AC380V,豆绿色,WYT-TA.3(12簧）,,蓝光标准包装箱,,佛山,华南,低,N,N
YE150312J,浙江怡达,TA2.0D-H,0,MC,无,DC110V,400*5*10*16,有,默纳克,海1387,8米,,蓝光铭牌检验报告,D型，要原点值  工号：D080022.5-8/P-201503552,2015/1/1,AC380V,海蓝环保水性自干漆,WYT-TA.3(10簧）,,蓝光标准包装箱,D080022.5-8/P-,,华东1,低,N,N
YE150312K,浙江怡达,TA1.75D-H,0,MC,无,DC110V,400*5*10*16,有,默纳克,海1387,8米,,蓝光铭牌检验报告,D型，要原点值  工号：D080022.13-20/P-201503552,2015/1/1,AC380V,海蓝环保水性自干漆,WYT-TA.3(10簧）,,蓝光标准包装箱,D080022.13-20/,,华东1,低,N,N
XDL153913-153914,连云港西德电梯有限公司(江苏西继),S1.5E-H,0,BCC,无,AC220V,340*8*8*12-3,无,CV,海1387,10米配,5米,主机用西德中文铭牌，制动器和上行超速铭牌用蓝光中文  SM-S,西门子LOGO包装箱,2015/1/1,AC380V,电机灰,DZE-14EB2,,出口免熏蒸包装,,,华东2,低,N,N
XDL153911-153912,连云港西德电梯有限公司(江苏西继),TA1.5D-H,0,MC,无,DC110V,400*5*10*16,有,CV,海1387,10米配,,主机用西德中文铭牌，制动器和上行超速铭牌用蓝光中文  SM-T,西门子LOGO包装箱,2015/1/1,AC380V,电机灰,WYT-TA.3(10簧）,,出口免熏蒸包装,,,华东2,低,N,N
YS150309F,佛山住友富士,TA1.5C-H,0,MC,无,DC110V,400*5*10*16,有,默纳克,海1387,7米,,蓝光铭牌，载重打印825KG,D型，主机颜色为黑色，代码为1.06.578,2015/1/1,AC380V,信号黑色,WYT-TA.3(10簧）,,蓝光标准包装箱,1503003,,华南,低,N,N
YS150310F,佛山住友富士,TA1.6D-H,0,MC,无,DC110V,400*5*10*16,有,默纳克,海1387,7米,,蓝光铭牌，铭牌载重1050KG,D型，主机颜色为黑色，代码为1.06.578,2015/1/1,AC380V,信号黑色,WYT-TA.3(10簧）,,蓝光标准包装箱,1503011,,华南,低,N,N
YE150310B,苏州立达中远（南浔）,TA1.0C-H,0,MC,无,DC110V,400*5*10*16,无,默纳克,海1387,8米,,蓝光铭牌,D型,2015/1/1,AC380V,海蓝环保水性自干漆,WYT-TA.3(10簧）,,蓝光标准包装箱,201503061,,华东1,低,N,N
YN150310A,天津宏翔,S1.5C-H,0,BCC,无,DC110V,400*5*10*16,有,默纳克,海1387,10米,,蓝光铭牌,D型,2015/1/1,AC380V,海蓝环保水性自干漆,DZE-14EA,,蓝光标准包装箱,,,北方,低,N,N
YE150311H,沃克斯电梯（上海腾能）,TA1.0C-H,0,MC,无,DC110V,400*4*10*16,有,默纳克,海1387,9米,,沃克斯铭牌MP-93检验报告,D型， 沃克斯包装箱,2015/1/1,AC380V,海蓝环保水性自干漆,WYT-TA.3(10簧）,,特殊包装箱,V14NA150(WKS20150310163),,华东1,低,N,N
PO01503100019.3,广州广日,TC1.75E-H,0,,无,DC110V,400*6*10*16-2I,有,新时达,海1387,7米,,广日铭牌，作业号：16812648F,D型，提供原点值，β105 γ40 ,2015/1/1,AC380V,豆绿色,WYT-TA.3(12簧）,,蓝光标准包装箱,,,华南,低,N,N
YE150310F,浙江快速,TA1.0D-H,0,MC,无,DC110V,400*5*10*16,无,默纳克,海1387,8米,,蓝光铭牌,D型,2015/1/1,AC380V,海蓝环保水性自干漆,WYT-TA.3(10簧）,,蓝光标准包装箱,LD15B3740,,华东1,低,N,N
YE150311J,浙江怡达,TA1.0C-H,0,MC,无,DC110V,400*5*10*16,有,默纳克,海1387,8米,,怡达快速铭牌检验报告,D型，要原点值，怡达包装箱和装箱清单，带两张合格证，一张怡达合格证，一张蓝光 ,2015/1/1,AC380V,海蓝环保水性自干漆,WYT-TA.3(10簧）,,特殊包装箱,E010059/P150311444,,华东1,低,N,N
YE150310A,浙江怡达,TA1.5DL-H,0,MC,无,DC110V,480*5*10*16,无,默纳克,海1387,8米,,怡达快速铭牌检验报告,D型，要原点值，怡达包装箱和装箱清单，带两张合格证，一张怡达合格证，一张蓝光 ,2015/1/1,AC380V,海蓝环保水性自干漆,WYT-TA.3(12簧）,,特殊包装箱,D090106.1-2/P-201503421,,华东1,低,N,N
YE150311K,浙江怡达,U1.0ES-H,0,MM,无,DC110V,480*6*12*18,无,默纳克,海1387,8米,,怡达快速铭牌检验报告,D型，要原点值，怡达包装箱和装箱清单，带两张合格证，一张怡达合格证，一张蓝光 ,2015/1/1,AC380V,海蓝环保水性自干漆,WYT-U.3(2T以下）,,特殊包装箱,E020029/P150310405,,华东1,低,N,N
CQT201502-6,山东百斯特,S1.0D-H,0,BCC,无,AC220V,400*5*10*16,无,默纳克,海1387,10米,8米,蓝光铭牌,D型,2015/1/1,AC380V,海蓝环保水性自干漆,DZE-14EA,,特殊包装箱,,,北方,低,N,N
YS150309H,惠州富士,TA1.0D-H,0,MC,无,DC110V,400*5*10*16,有,新时达,海1387,7米,,蓝光铭牌,D型 ,2015/1/1,AC380V,海蓝环保水性自干漆,WYT-TA.3(10簧）,,蓝光标准包装箱,,,华南,低,N,N
YM150309D,重庆淮淳,S2.5D-H,0,BCC,无,AC220V,400*5*10*16,有,蓝光一体化,海1387,10米,,蓝光铭牌,D型，减震12块（赠),2015/1/1,AC380V,海蓝环保水性自干漆,DZE-14EB2,,蓝光标准包装箱,,,华东2,低,N,N
YS150309E,广东朗格斯,T1.0AM-H,0,MC,无,DC110V,325*4*8*12,有,蓝光一体化,海1387,7米,,蓝光铭牌,D型,2015/1/1,AC380V,海蓝环保水性自干漆,WYT-TAM.3,,蓝光标准包装箱,K201501010,,华南,低,N,N
YE150209F,浙江怡达,TA1.0DL-H,0,MC,无,DC110V,480*5*10*16,无,富士,海1387,8米,,蓝光英文铭牌,D型，要原点值，出口免熏蒸包装,2015/1/1,AC380V,海蓝环保水性自干漆,WYT-TA.3(12簧）,,出口免熏蒸包装,D04CB091R.3-5/P-201502075,,华东1,低,N,N
YE2015-00540-00545,恒达富士,TA1.75D-H,0,MC,无,DC110V,400*5*10*16,有,富士,海1387,7米,, 蓝光铭牌 ,D型,2015/1/1,AC380V,海蓝环保水性自干漆,WYT-TA.3(10簧）,,蓝光标准包装箱,2015-00540-00545,,华东1,低,N,N
XDL153908,连云港西德电梯有限公司(江苏西继),TA1.0D-H,0,MC,无,DC110V,400*5*10*16,有,CV,海1387,10米配,,主机用西德中文铭牌，制动器和上行超速铭牌用蓝光中文(SM-T),西门子LOGO包装箱,2015/1/1,AC380V,电机灰,WYT-TA.3(10簧）,,出口免熏蒸包装,,,华东2,低,N,N
XDL153888,连云港西德电梯有限公司(江苏西继),TA1.6C-H,0,MC,无,DC110V,400*5*10*16,有,CV,海1387,10米配,,主机用西德中文铭牌，制动器和上行超速铭牌用蓝光中文SM-T,西门子LOGO包装箱,2015/1/1,AC380V,电机灰,WYT-TA.3(10簧）,,出口免熏蒸包装,,,华东2,低,N,N
XDL153885,连云港西德电梯有限公司(江苏西继),TA1.6D-H,0,MC,无,DC110V,400*5*10*16,有,CV,海1387,10米配,,主机用西德中文铭牌，制动器和上行超速铭牌用蓝光中文SM-T,西门子LOGO包装箱,2015/1/1,AC380V,电机灰,WYT-TA.3(10簧）,,出口免熏蒸包装,,,华东2,低,N,N
YN150309B,北方个人,DZE-14EB2S,0,,无,AC220V,,无,,,,,,木箱包装，上出线,2015/1/1,AC380V,海蓝环保水性自干漆,,,蓝光标准包装箱,,,北方,低,N,N
200051850-00087683,东莞快意,Y2.5BC3-H,0,ANN,无,DC110V,410*6*10*16-3R,有,CTRL70A,海1387,10米,,蓝光英文铭牌,V型槽，β=103，γ=50，全英文资料，WYT-Y1C-FHZ.5防护罩， 左置，包角>145度，NSK轴承,2015/1/1,AC380V,海蓝环保水性自干漆,DZE-16E3B2A,,蓝光标准包装箱,,,华南,低,N,N
SSEC20151095(2015020135),苏州铃木,TA1.75DL-H,0,MC,无,DC110V,480*5*10*16,有,蓝光一体化,海1387,,,苏州铃木铭牌（SSEC版本）,不带电缆线,2015/1/1,AC380V,电机灰,WYT-TA.3(12簧）,,特殊包装箱,,,华东2,低,N,N
YM150306B,苏州迅电,TA2.0D-H,0,MC,无,DC110V,400*5*10*16,无,默纳克,海1387,8米,,蓝光铭牌,D型,2015/1/1,AC380V,海蓝环保水性自干漆,WYT-TA.3(10簧）,,蓝光标准包装箱,,,华东2,低,N,N
YM150309B,许昌富士通电梯有限公司(许昌德瑞电梯有限公司),S1.0C-H,0,BCC,无,DC110V,400*5*10*16,无,新时达,海1387,8米,7米,蓝光铭牌,D型，减震1套（赠，减震组合螺栓型号为：M16*40）,2015/1/1,AC380V,海蓝环保水性自干漆,DZE-14EA,,蓝光标准包装箱,,,华东2,低,N,N
YS150309A,广东华凯,U1.0ES-H,0,MM,无,DC110V,480*7*12*18,有,默纳克,海1387,7米,,蓝光铭牌,D型,2015/1/1,AC380V,海蓝环保水性自干漆,WYT-U.3(2T以下）,,蓝光标准包装箱,K201503003,,华南,低,N,N
YS150309G,广东皇朝富士,TA1.0D-H,0,MC,无,DC110V,400*5*10*16,有,新时达,海1387,7米,,蓝光铭牌,D型,2015/1/1,AC380V,海蓝环保水性自干漆,WYT-TA.3(10簧）,,蓝光标准包装箱,K150304-1,,华南,低,N,N
YM150304B,杭州奥立达,DZE-14EB2,0,,无,AC220V,,无,,,,,,木箱包装,2015/1/1,AC380V,海蓝环保水性自干漆,DZE-14EB2,,蓝光标准包装箱,,,华东1,低,N,N
YE150306C,沃克斯电梯（上海腾能）,TA1.75B-H,0,MC,无,DC110V,400*4*10*16,有,默纳克,海1387,9米,,沃克斯铭牌MP-93检验报告,"D型 ,沃克斯包装箱",2015/1/1,AC380V,海蓝环保水性自干漆,WYT-TA.3A(10簧）,,特殊包装箱,V14N9408-9415(WKS20141127507),,华东1,低,N,N
YE150309C,沃克斯电梯（上海腾能）,U1.0ES-H,0,MM,无,DC110V,480*6*12*18,有,新时达,海1387,9米,,沃克斯铭牌MP-93检验报告,D型，沃克斯包装箱,2015/1/1,AC380V,海蓝环保水性自干漆,WYT-U.3(2T以下）,,特殊包装箱,V14NB658(WKS20150309001),,华东1,低,N,N
预投,苏州歌拉瑞,U1.0DS-H,0,MM,无,DC110V,480*6*12*18,有,默纳克,海1387,9米,,蓝光铭牌,"D型,歌拉瑞包装壁挂器无厂址",2015/1/1,AC380V,煤灰色红色接线盒,WYT-U.3(2T以下）,,特殊包装箱,,,华东1,低,N,N
预投,苏州歌拉瑞,U1.0FS-H,0,MM,无,DC110V,480*7*12*18,有,默纳克,海1387,9米,,蓝光铭牌,"D型,歌拉瑞包装壁挂器无厂址",2015/1/1,AC380V,煤灰色红色接线盒,WYT-U.3(2T）,,特殊包装箱,,,华东1,低,N,N
YM150302Q,浙江汉诺威,U1.0DS-H,0,MM,无,DC110V,480*7*12*18,有,新时达,海1387,10米,,蓝光铭牌,D型,2015/1/1,AC380V,海蓝环保水性自干漆,WYT-U.3(2T以下）,,蓝光标准包装箱,HNW2015K0009,,华东1,低,N,N
YM150306A,浙江喜来登,TA1.0C-H,0,MC,无,DC110V,400*5*10*16,有,默纳克,海1387,8米配,,蓝光铭牌,D型，减震1套（赠）,2015/1/1,AC380V,海蓝环保水性自干漆,WYT-TA.3(10簧）,,蓝光标准包装箱,XDL15K0718 永嘉县乌牛锦泰华商宾馆,,华东1,低,N,N
YM150306C,浙江喜来登,TA1.0E-H,0,MC,无,DC110V,400*5*10*16,有,默纳克,海1387,8米配,,蓝光铭牌,D型，减震1套（赠）,2015/1/1,AC380V,海蓝环保水性自干漆,WYT-TA.3(12簧）,,蓝光标准包装箱,XDL15K0628李志坚,,华东1,低,N,N
SYLG150309A,韩国富士,U1.0ES-H,0,MM,无,DC110V,480*7*12*18,有,富士,海1387,10米,,韩国富士铭牌,减震垫8块（赠），U出口包装箱（2层），预先接上编码器电缆,2015/1/1,AC380V,海蓝环保水性自干漆,WYT-U.3(2T以下）,,出口2层包装箱,,,国际,低,N,N
PO01503090096.1,广州广日,Y2.5D1-N,0,ENN,无,DC110V,480*14*10*15-3F(D),有,华为,多8192,7米,,广日铭牌，作业号：16806565D,提供原点值 ,2015/1/1,AC380V,豆绿色,DZE-16E3B2A,,蓝光标准包装箱,,,华南,低,N,N
SYLG150309B,韩国富士,U1.75DS-H,0,MM,无,DC110V,480*7*12*18,有,富士,海1387,10米,,韩国富士铭牌,减震垫4块（赠），U出口包装箱（2层），预先接上编码器电缆,2015/1/1,AC380V,海蓝环保水性自干漆,WYT-U.3(2T以下）,,出口2层包装箱,,,国际,低,N,N
YS150305E,广州日创,TA1.75D-H,0,MC,无,DC110V,V400*5*10*16,有,新时达,海1387,7米,,蓝光铭牌主机铭牌随资料不安装在机器上,D型，广日豆绿色 β105 γ40 ,2015/1/1,AC380V,豆绿色,WYT-TA.3(10簧）,,蓝光标准包装箱,P001020150305,,华南,低,N,N
YS150306C,湖北正野,TA1.75D-H,0,MC,无,DC110V,400*5*10*16,有,新时达,海1387,10米,,蓝光铭牌,D型,2015/1/1,AC380V,海蓝环保水性自干漆,WYT-TA.3(10簧）,,蓝光标准包装箱,安陆凤凰,,华南,低,N,N
YE150305F,德尔法电梯,U1.0DS-H,0,MM,无,DC110V,480*7*12*18,有,默纳克,海1387,7米,,蓝光英文铭牌，铭牌打1250KG,"D型, U型出口包装",2015/1/1,AC380V,海蓝环保水性自干漆,WYT-U.3(2T以下）,,出口单层包装箱,D000527K,,华东1,低,N,N
YS150305D,广东皇朝富士,TA1.6D-H,0,MC,无,DC110V,400*5*10*16,有,新时达,海1387,7米,,蓝光铭牌,D型,2015/1/1,AC380V,海蓝环保水性自干漆,WYT-TA.3(10簧）,,蓝光标准包装箱,K150305-2,,华南,低,N,N
GLR201503060001（G15NK027-028）,苏州歌拉瑞,U1.0ES-H,0,MM,无,DC110V,480*6*12*18,有,默纳克,海1387,9米,,蓝光铭牌,"D型,歌拉瑞包装；壁挂器无厂址",2015/1/1,AC380V,煤灰色接线盒红色,WYT-U.3(2T以下）,,特殊包装箱,,,华东1,低,N,N
XDL153876-153881,连云港西德电梯有限公司(江苏西继),S1.75D-H,0,BCC,无,AC220V,400*5*10*16,有,CV,海1387,10米配,,蓝光铭牌SM-S,,2015/1/1,AC380V,电机灰,DZE-14EB2,,蓝光标准包装箱,,,华东2,低,N,N
SSEC03190(2014061118-1120),苏州铃木,S1.75DL-H,0,BCC,无,AC220V,480*6*10*16-3AD,有,新时达,海1387,,,苏州铃木铭牌（SSEC版本）,不带电缆线,2015/1/1,AC380V,电机灰,DZE-14EB2,,特殊包装箱,,,华东2,低,N,N
PO01503030009.4,广州广日,TA1.0E-H,0,MC,无,DC110V,V400*6*8*14-2L,无,新时达,海1387,7米,,广日铭牌，作业号：16818488K,D型，提供原点值，β85 γ50 V型，防护罩用WYT-TA.6B,2015/1/1,AC380V,豆绿色,WYT-TA.3(12簧）,,蓝光标准包装箱,,,华南,低,N,N
YE2015-D00001,大众电梯,TA1.0D-H,0,MC,无,DC110V,400*5*10*16,有,蓝光一体化,海1387,7米,,大众铭牌系列型号DM-WYT,D型,2015/1/1,AC380V,海蓝环保水性自干漆,WYT-TA.3(10簧）,,蓝光标准包装箱,2015-D00001,,华东1,低,N,N
YE150303D,德尔法电梯,S1.0B-H,0,BCC,无,DC110V,400*4*10*16,无,默纳克,海1387,7米,7米,蓝光英文铭牌,D型，S出口包装,2015/1/1,AC380V,海蓝环保水性自干漆,DZE-14EA,,出口单层包装箱,D000525E,,华东1,低,N,N
YE150303E,德尔法电梯,TA1.0B-H,0,MC,无,DC110V,400*4*10*16,有,默纳克,海1387,7米,,蓝光英文铭牌,D型，TA出口包装,2015/1/1,AC380V,海蓝环保水性自干漆,WYT-TA.3A(10簧）,,出口单层包装箱,D000526E,,华东1,低,N,N
YM150303B,西威电梯江苏有限公司,TA1.5E-H,0,MC,无,DC110V,400*5*10*16,有,新时达,海1387,10米,,"西威铭牌，悬挂比4:1,2300KG,0.75m/s",D型,2015/1/1,AC380V,海蓝环保水性自干漆,WYT-TA.3(12簧）,,蓝光标准包装箱,,,华东2,低,N,N
YS150304D,广东皇朝富士,TA1.0A-H,0,MC,无,DC110V,400*4*10*16,有,新时达,海1387,7米,,蓝光铭牌，铭牌打400KG,D型,2015/1/1,AC380V,海蓝环保水性自干漆,WYT-TA.3A(10簧）,,蓝光标准包装箱,K150227-1,,华南,低,N,N
YS150305B,广东皇朝富士,TA1.0B-H,0,MC,无,DC110V,400*4*10*16,有,新时达,海1387,7米,,蓝光铭牌，铭牌载重打印为525KG,D型,2015/1/1,AC380V,海蓝环保水性自干漆,WYT-TA.3A(10簧）,,蓝光标准包装箱,K150303-1,,华南,低,N,N
YS150304E,广东皇朝富士,U1.0ES-H,0,MM,无,DC110V,480*6*12*18,有,新时达,海1387,7米,,蓝光铭牌,D型,2015/1/1,AC380V,海蓝环保水性自干漆,WYT-U.3(2T以下）,,蓝光标准包装箱,K150126-1,,华南,低,N,N
YE150305B,沃克斯电梯（上海腾能）,TA1.75D-H,0,MC,无,DC110V,400*5*10*16,有,新时达,海1387,9米,,蓝光铭牌检验报告,D型 沃克斯包装箱,2015/1/1,AC380V,海蓝环保水性自干漆,WYT-TA.3(10簧）,,特殊包装箱,V14N7641-7642，7645-7650(WKS20150305035),,华东1,低,N,N
PO01503050016.5,广州广日,U1.0DS-H,0,MM,无,DC110V,V480*7*10*16-2I,有,新时达,海1387,7米,,广日铭牌，作业号：16814997A,D型，提供原点值，V型带切口:100°、50°,2015/1/1,AC380V,豆绿色,WYT-U.3(2T以下）,,蓝光标准包装箱,,,华南,低,N,N
PO01503050016.6,广州广日,U1.0ES-H,0,MM,无,DC110V,V480*7*10*16-2I,有,新时达,海1387,7米,,广日铭牌，作业号：16814997E,D型，提供原点值，V型带切口:100°、50°,2015/1/1,AC380V,豆绿色,WYT-U.3(2T以下）,,蓝光标准包装箱,,,华南,低,N,N
PO01503050016.7,广州广日,U1.75DS-H,0,MM,无,DC110V,V480*7*10*16-2I,有,新时达,海1387,7米,,广日铭牌，作业号：16814997B,D型，提供原点值，V型带切口:100°、50°,2015/1/1,AC380V,豆绿色,WYT-U.3(2T以下）,,蓝光标准包装箱,,,华南,低,N,N
PO01503050016.8,广州广日,Y1.0D1-N,0,ENN,无,DC110V,480*7*10*16-3G,有,华为,多8192,7米,,广日英文铭牌，作业号：16806705A,提供原点值 ,2015/1/1,AC380V,豆绿色,DZE-16E3B2A,,蓝光标准包装箱,,,华南,低,N,N
YS150304F,广州日创,TA1.0B-H,0,MC,无,DC110V,V400*4*10*16,有,新时达,海1387,7米,,蓝光铭牌，铭牌载重打600KG主机铭牌随资料不安装在机器上,D型，广日豆绿色 β105 γ40 ,2015/1/1,AC380V,豆绿色,WYT-TA.3A(10簧）,,蓝光标准包装箱,P000920150304,,华南,低,N,N
YE150304L,浙江怡达,TA1.5B-H,0,MC,无,DC110V,400*4*10*16,有,默纳克,海1387,8米,,怡达快速铭牌检验报告,D型，要原点值，怡达包装箱和装箱清单，带两张合格证，一张怡达合格证，一张蓝光 ,2015/1/1,AC380V,海蓝环保水性自干漆,WYT-TA.3A(10簧）,,特殊包装箱,D120017/P-201503244,,华东1,低,N,N
YS150304A,湖南信达,S2.0D-H,0,BCC,无,DC110V,400*5*10*16,有,默纳克,海1387,7米,,蓝光铭牌,D型,2015/1/1,AC380V,海蓝环保水性自干漆,DZE-14EA,,蓝光标准包装箱,FJS1412-120东岭逸景花园L9/L11,,华南,低,N,N
(SSEC)2015030157-0168,苏州铃木,Y1.75C2-H,0,EWW,无,AC220V,480*10*12*15-3F(C),有,富士,海1387,,,苏州铃木铭牌（SSEC版本）,不带电缆线,2015/1/1,AC380V,电机灰,DZE-16E3B2,,特殊包装箱,,,华东2,低,N,N
YM150304C,杭州奥立达,TA1.75E-H,0,MC,无,DC110V,400*5*10*16,有,默纳克,海1387,7米,,奥立达铭牌1.1版本ALDWYT-T,D型，型号WYT前加大写ALD 奥立达包装箱,2015/1/1,AC380V,海蓝环保水性自干漆,WYT-TA.3(12簧）,,蓝光标准包装箱,11500504,,华东1,低,N,N
YM150302P,杭州奥立达,U1.0ES-H,0,MM,无,DC110V,480*7*12*18,有,默纳克,海1387,7米,,奥立达铭牌1.1版本 铭牌打“3000KG 0.5M/S”4：1     ALDWYT-U,D型，型号WYT前加大写ALD 奥立达包装箱,2015/1/1,AC380V,海蓝环保水性自干漆,WYT-U.3(2T以下）,,蓝光标准包装箱,11500508,,华东1,低,N,N
YS150303C,广东新力欧菲尔,S1.0B-H,0,BCC,无,DC110V,400*4*10*16,有,默纳克,海1387,8米,,蓝光铭牌,D型,2015/1/1,AC380V,海蓝环保水性自干漆,DZE-14EA,,蓝光标准包装箱,15037#,,华南,低,N,N
801096-801097,珠江中富,U1.6ES-H,0,MM,无,DC110V,480*7*12*18,有,富士,海1387,7米配,,蓝光铭牌,D型,2015/1/1,AC380V,海蓝环保水性自干漆,WYT-U.3(2T以下）,,蓝光标准包装箱,,,华南,低,N,N
15-1525,山东博尔特,TA1.6D-H,0,MC,无,DC110V,400*5*10*16,有,施耐德,海1387,10米,,蓝光铭牌,,2015/1/1,AC380V,海蓝环保水性自干漆,WYT-TA.3(10簧）,,蓝光标准包装箱,,,北方,低,N,N
YM150304A,凯斯博电梯有限公司,S2.5D-H,0,BCC,无,DC110V,400*6*10*16-3G,有,新时达,海1387,8米,,凯斯博铭牌（主机铭牌凯斯博）制动器上行铭牌用蓝光  KA-JLS,D型,2015/1/1,AC380V,电机灰,DZE-14EA,,蓝光标准包装箱,,,华东2,低,N,N
YM150302C,凯斯博电梯有限公司,U1.75ES-H,0,MM,无,DC110V,480*7*12*18,有,新时达,海1387,8米,,凯斯博铭牌,D型,2015/1/1,AC380V,电机灰,WYT-U.3(2T以下）,,蓝光标准包装箱,,,华东2,低,N,N
YE2015-02057,恒达富士,TA1.5C-H,0,MC,无,DC110V,400*5*10*16,有,富士,海1387,7米,,恒达富士铭牌MP-118 ,D型,2015/1/1,AC380V,海蓝环保水性自干漆,WYT-TA.3(10簧）,,蓝光标准包装箱,2015-02057,,华东1,低,N,N
YE150302Ma,江苏伯爵,TA1.75D-H,0,MC,无,DC110V,400*5*10*16,有,默纳克,海1387,8米,,蓝光铭牌 ,D型,2015/1/1,AC380V,海蓝环保水性自干漆,WYT-TA.3(10簧）,,蓝光标准包装箱,A15-D-0026ABCDEF,,华东1,低,N,N
YE150302Ja,奥瑞斯电梯,U1.0DS-H,0,MM,无,DC110V,480*7*12*18,有,默纳克,海1387,7米,,蓝光铭牌 ,D型,2015/1/1,AC380V,海蓝环保水性自干漆,WYT-U.3(2T以下）,,蓝光标准包装箱,A15-K-0199,,华东1,低,N,N
YS150302A,长沙能达电梯,TA1.75C-H,0,MC,无,DC110V,400*5*10*16,有,CV,海1387,7米,,蓝光铭牌,,2015/1/1,AC380V,海蓝环保水性自干漆,WYT-TA.3(10簧）,,蓝光标准包装箱,,,华南,低,N,N
YE150302Ga,德森克,TA1.0C-H,0,MC,无,DC110V,400*5*10*16,无,默纳克,海1387,7米,,德森克铭牌，出厂编码打K2029系列型号DSK-TB-II,D型 ,2015/1/1,AC380V,海蓝环保水性自干漆,WYT-TA.3(10簧）,,蓝光标准包装箱,K2029,,华东1,低,N,N
YS150302G,东莞华图仕,TA1.0D-H,0,MC,无,DC110V,400*5*10*16,有,默纳克,海1387,7米,,蓝光铭牌,D型 ,2015/1/1,AC380V,海蓝环保水性自干漆,WYT-TA.3(10簧）,,蓝光标准包装箱,,,华南,低,N,N
YS150302F,东莞华图仕,TA1.75D-H,0,MC,无,DC110V,400*5*10*16,有,默纳克,海1387,7米,,蓝光铭牌,D型 ,2015/1/1,AC380V,海蓝环保水性自干漆,WYT-TA.3(10簧）,,蓝光标准包装箱,,,华南,低,N,N
PO01503020052.5,广州广日,TA1.75E-H,0,MC,无,DC110V,400*6*10*16-2I,有,新时达,海1387,7米,,广日铭牌，作业号：16815735L,D型，提供原点值，β105 γ40  ,2015/1/1,AC380V,豆绿色,WYT-TA.3(12簧）,,蓝光标准包装箱,,,华南,低,N,N
YM150302N,许昌富士通电梯有限公司(许昌德瑞电梯有限公司),S1.5C-H,0,BCC,无,DC110V,400*5*10*16,无,默纳克,海1387,8米,4米,蓝光铭牌,"D型，减震5套（赠，减震组合螺栓型号为：M16*40）,左置",2015/1/1,AC380V,海蓝环保水性自干漆,DZE-14EA,,蓝光标准包装箱,,,华东2,低,N,N
YS150302D,佛山住友富士,TA1.5D-H,0,MC,无,DC110V,400*5*10*16,有,默纳克,海1387,7米,,蓝光铭牌，铭牌载重1050KG,D型，主机颜色为黑色，代码为1.06.578,2015/1/1,AC380V,信号黑色,WYT-TA.3(10簧）,,蓝光标准包装箱,1412122,,华南,低,N,N
YM150302E,许昌富士通电梯有限公司(许昌德瑞电梯有限公司),S2.0DL-H,0,BCC,无,DC110V,480*6*10*16-3AI,有,默纳克,海1387,8米,,蓝光铭牌,D型，减震4套（赠，减震组合螺栓型号为：M16*40）,2015/1/1,AC380V,海蓝环保水性自干漆,DZE-14EA,,蓝光标准包装箱,,,华东2,低,N,N
YM150302G,许昌富士通电梯有限公司(许昌德瑞电梯有限公司),TA1.0B-H,0,MC,无,DC110V,400*4*10*16,有,新时达,海1387,8米,,蓝光铭牌,D型，减震1套（赠，减震组合螺栓型号为：M16*40）,2015/1/1,AC380V,海蓝环保水性自干漆,WYT-TA.3A(10簧）,,蓝光标准包装箱,,,华东2,低,N,N
YM150302I,许昌富士通电梯有限公司(许昌德瑞电梯有限公司),TA1.0D-H,0,MC,无,DC110V,400*5*10*16,有,默纳克,海1387,8米,,蓝光铭牌,D型，减震1套（赠，减震组合螺栓型号为：M16*40）,2015/1/1,AC380V,海蓝环保水性自干漆,WYT-TA.3(10簧）,,蓝光标准包装箱,,,华东2,低,N,N
YM150302D,许昌富士通电梯有限公司(许昌德瑞电梯有限公司),TA1.75C-H,0,MC,无,DC110V,400*5*10*16,有,默纳克,海1387,8米,,蓝光铭牌,D型，减震6套（赠，减震组合螺栓型号为：M16*40）,2015/1/1,AC380V,海蓝环保水性自干漆,WYT-TA.3(10簧）,,蓝光标准包装箱,,,华东2,低,N,N
YM150302F,许昌富士通电梯有限公司(许昌德瑞电梯有限公司),U1.0DS-H,0,MM,无,DC110V,480*7*10*16-2D,有,默纳克,海1387,8米,,"蓝光铭牌,载重打1250KG ",D型，减震1套（赠，减震组合螺栓型号为：M16*40）,2015/1/1,AC380V,海蓝环保水性自干漆,WYT-U.3(2T以下）,,蓝光标准包装箱,,,华东2,低,N,N
YE150302Hb,苏州立达中远（南浔）,TA1.0B-H,0,MC,无,DC110V,400*4*10*16,无,默纳克,海1387,8米,,蓝光铭牌,D型,2015/1/1,AC380V,海蓝环保水性自干漆,WYT-TA.3A(10簧）,,蓝光标准包装箱,201502038,,华东1,低,N,N
YE150302Hd,苏州立达中远（南浔）,TA1.5D-H,0,MC,无,DC110V,400*5*10*16,有,默纳克,海1387,8米,,蓝光铭牌,D型,2015/1/1,AC380V,海蓝环保水性自干漆,WYT-TA.3(10簧）,,蓝光标准包装箱,201502040,,华东1,低,N,N
YS150302K,广东朗格斯,TA1.5C-H,0,MC,无,DC110V,400*5*10*16,有,蓝光一体化,海1387,7米,,蓝光铭牌，铭牌载重825KG,D型,2015/1/1,AC380V,海蓝环保水性自干漆,WYT-TA.3(10簧）,,蓝光标准包装箱,,,华南,低,N,N
YS150302J,广东联合富士,TA1.0C-H,0,MC,无,DC110V,400*5*10*16,有,默纳克,海1387,7米,,蓝光铭牌,D型，主机电压AC220V,2015/1/1,AC220V,海蓝环保水性自干漆,WYT-TA.3(10簧）,,蓝光标准包装箱,503008,,华南,低,N,N
YE150303G,沃克斯电梯（上海腾能）,S2.5D-H,0,BCC,无,AC220V,400*5*10*16,有,新时达,海1387,9米,,蓝光铭牌检验报告,"D型 ,沃克斯包装箱",2015/1/1,AC380V,海蓝环保水性自干漆,DZE-14EB2,,特殊包装箱,V14N7297，7301，7305(WKS20150303041),,华东1,低,N,N
PO01502130029.8,广州广日,Y1.75E1-N,0,ENN,无,DC110V,480*7*10*16-3G,有,华为,多8192,7米,,广日铭牌作业号：16806564F,提供原点值 ,2015/1/1,AC380V,豆绿色,DZE-16E3B2A,,蓝光标准包装箱,,,华南,低,N,N
15Z0332,广州永日,TA1.0D-H,0,MC,无,DC110V,400*5*10*16,有,富士,海1387,,,"蓝光铭牌，铭牌打印：载重525KG,速度1.5M/S，曳引比1：1",不带电缆,2015/1/1,AC380V,中酞兰,WYT-TA.3(10簧）,,蓝光标准包装箱,,,华南,低,N,N
15Z0360-363,广州永日,TA2.0CL-H,0,MC,无,DC110V,480*5*10*16,有,富士,海1387,,,蓝光铭牌，铭牌载重打印为825KG,不带电缆,2015/1/1,AC380V,中酞兰,WYT-TA.3(10簧）,,蓝光标准包装箱,,,华南,低,N,N
FJ14-10-411-416,山东富士,U1.75ES-H,0,MM,无,DC220V,480*7*12*18,有,默纳克,海1387,10米配,,蓝光铭牌,D型,2015/1/1,AC380V,海蓝环保水性自干漆,WYT-U.3(2T以下）,,蓝光标准包装箱,,,北方,低,N,N
YE2015-02181出口,恒达富士,TA1.0A-H,0,MC,无,DC110V,400*4*10*16,有,富士,海1387,7米,,恒达富士英文铭牌MP-118A,D型,2015/1/1,AC380V,海蓝环保水性自干漆,WYT-TA.3A(10簧）,,蓝光标准包装箱,2015-02181出口,,华东1,低,N,N
YE2015-02156-02157,恒达富士,U1.0ES-H,0,MM,无,DC110V,480*7*12*18,有,富士,海1387,7米,, 蓝光铭牌 ,D型,2015/1/1,AC380V,海蓝环保水性自干漆,WYT-U.3(2T以下）,,蓝光标准包装箱,2015-02156-02157,,华东1,低,N,N
YE150302Mb,江苏伯爵,TA1.75C-H,0,MC,无,DC110V,400*5*10*16,有,默纳克,海1387,8米,,蓝光铭牌 ,D型,2015/1/1,AC380V,海蓝环保水性自干漆,WYT-TA.3(10簧）,,蓝光标准包装箱,A15-K-0025ABCDEF,,华东1,低,N,N
YE150302B,浙江怡达,TA1.75C-H,0,MC,无,DC110V,400*5*10*16,有,默纳克,海1387,8米,,怡达快速铭牌检验报告,D型，要原点值，怡达包装箱和装箱清单，带两张合格证，一张怡达合格证，一张蓝光 ,2015/1/1,AC380V,海蓝环保水性自干漆,WYT-TA.3(10簧）,,特殊包装箱,E010046.3-4/P-201503015,,华东1,低,N,N
YE150302Eg,浙江怡达,TA1.75E-H,0,MC,无,DC110V,400*6*10*16-3G,有,默纳克,海1387,8米,,怡达快速铭牌检验报告,D型，要原点值，怡达包装箱和装箱清单，带两张合格证，一张怡达合格证，一张蓝光 ,2015/1/1,AC380V,海蓝环保水性自干漆,WYT-TA.3(12簧）,,特殊包装箱,E010046.57/P-201503068,,华东1,低,N,N
YE150302En,浙江怡达,TA1.75E-H,0,MC,无,DC110V,400*5*10*16,有,默纳克,海1387,8米,,怡达快速铭牌检验报告,D型，要原点值，怡达包装箱和装箱清单，带两张合格证，一张怡达合格证，一张蓝光 ,2015/1/1,AC380V,海蓝环保水性自干漆,WYT-TA.3(12簧）,,特殊包装箱,E010046.63-67/P-201503068,,华东1,低,N,N
YM150302J,辽宁富士(安徽）,TA1.75D-H,0,MC,无,DC220V,400*5*10*16,有,安川,海1387,8米,,蓝光铭牌,,2015/1/1,AC380V,海蓝环保水性自干漆,WYT-TA.3(10簧）,,蓝光标准包装箱,,,北方,低,N,N
4500806986,康力,U1.0FS-H,0,MM,无,DC110V,480*8*10*15-2C,无,新时达,海1387,10米,,康力铭牌,"D型,提供原点值，贴上下行标签",2015/1/1,AC380V,银灰,WYT-U.3(2T）,,蓝光标准包装箱,"10027130/230,260,280",,华东2,低,N,N
GLR201502130008（G15NL026）,苏州歌拉瑞,TA1.75E-H,0,MC,无,DC110V,400*5*10*16,有,默纳克,海1387,9米,,歌拉瑞中文铭牌，型号打：GWZ01A-02,"D型 ,歌拉瑞包装壁挂器无厂址",2015/1/1,AC380V,煤灰色红色接线盒,WYT-TA.3(12簧）,,特殊包装箱,,,华东1,低,N,N
YE2015-02057,恒达富士,TA1.0C-H,0,MC,无,DC110V,400*5*10*16,有,富士,海1387,7米,,恒达富士铭牌MP-118 ,D型,2015/1/1,AC380V,海蓝环保水性自干漆,WYT-TA.3(10簧）,,蓝光标准包装箱,2015-02057（5-5）,,华东1,低,N,N
YM150211A,四川科莱,U1.0ES-H,0,MM,无,DC220V,480*7*10*16-2D,有,CV,海1387,8米配,,蓝光英文铭牌,,2015/1/1,AC380V,海蓝环保水性自干漆,WYT-U.3(2T以下）,,蓝光标准包装箱,,,华东2,低,N,N
YM150210F,苏州富士制御电梯,TA1.0D-H,0,MC,无,DC110V,400*5*10*16,有,新时达,海1387,7米,,蓝光铭牌,D型，合格证和随机资料不放在箱子里单独邮给客户,2015/1/1,AC380V,海蓝环保水性自干漆,WYT-TA.3(10簧）,,蓝光标准包装箱,,,华东2,低,N,N
YE150211B,德尔法电梯,S2.0D-H,0,BCC,无,DC110V,400*5*10*16,有,默纳克,海1387,7米,,蓝光铭牌,D型,2015/1/1,AC380V,海蓝环保水性自干漆,DZE-14EA,,蓝光标准包装箱,D000518-521,,华东1,低,N,N
YE150212A,沃克斯电梯（上海腾能）,U2.0DS-H,0,MM,无,DC110V,480*6*12*18,有,默纳克,海1387,9米,,沃克斯铭牌MP-93检验报告,D型，沃克斯包装箱,2015/1/1,AC380V,海蓝环保水性自干漆,WYT-U.3(2T以下）,,特殊包装箱,V14NB643-646(WKS20150212038),,华东1,低,N,N
GLR201502120002(115LSP011-012),苏州歌拉瑞,TA1.5B-H,0,MC,无,DC110V,400*4*10*16,有,默纳克,海1387,9米,,蓝光英文铭牌,D型壁挂器无厂址,2015/1/1,AC380V,煤灰色红色接线盒,WYT-TA.3A(10簧）,,蓝光标准包装箱,,,华东1,低,N,N
GLR201502120023（115LSPM005）,苏州歌拉瑞,TA1.5E-H,0,MC,无,DC110V,400*5*10*16,无,默纳克,海1387,9米,,蓝光英文铭牌,D型壁挂器无厂址,2015/1/1,AC380V,煤灰色红色接线盒,WYT-TA.3(12簧）,,蓝光标准包装箱,,,华东1,低,N,N
GLR201502110022（G15NK022-025）,苏州歌拉瑞,TA1.75D-H,0,MC,无,DC110V,400*5*10*16,有,蓝光一体化,海1387,9米,,歌拉瑞英文铭牌，型号打：GWZ01A-02,D型，歌拉瑞包装，所有随机资料，主机及部件铭牌全部为英文，不允许有任何中文及拼音    壁挂器无厂址,2015/1/1,AC380V,煤灰色红色接线盒,WYT-TA.3(10簧）,,特殊包装箱,,,华东1,低,N,N
SYLG150210D,韩国富士,方型制动器（左）,0,,无,DC110V,WYT-TA.3,无,,,,,蓝光英文铭牌,"出口包装箱,用在TA1.0D主机上",2015/1/1,AC380V,海蓝环保水性自干漆,,,蓝光标准包装箱,,,国际,低,N,N
SSEC2015837(2015010100),苏州铃木,S1.5C-H,0,BCC,无,AC220V,400*5*10*16,有,默纳克,海1387,,,苏州铃木铭牌（SSEC版本）,不带电缆线,2015/1/1,AC380V,电机灰,DZE-14EB2,,特殊包装箱,,,华东2,低,N,N
SSEC2015815(2015010099),苏州铃木,S1.5D-H,0,BCC,无,AC220V,400*5*10*16,有,默纳克,海1387,,,苏州铃木铭牌（SSEC版本）,不带电缆线,2015/1/1,AC380V,电机灰,DZE-14EB2,,特殊包装箱,,,华东2,低,N,N
YS150210A,东莞三洋,TA1.75C-H,0,MC,无,DC110V,400*5*10*16,有,新时达,海1387,7米,,东莞三洋监制铭牌,D型,2015/1/1,AC380V,海蓝环保水性自干漆,WYT-TA.3(10簧）,,蓝光标准包装箱,A.2015.02.005,,华南,低,N,N
XDL153844,连云港西德电梯有限公司(江苏西继),U1.5ES-H,0,MM,无,DC110V,480*8*10*16-2D,有,CV,海1387,10米配,,蓝光铭牌SM-U,,2015/1/1,AC380V,电机灰,WYT-U.3(2T以下）,,蓝光标准包装箱,,,华东2,低,N,N
YM150209E,四川科莱,S2.0D-H,0,BCC,无,AC220V,400*6*10*16-3G,有,CV,海1387,8米配,,蓝光铭牌,,2015/1/1,AC380V,海蓝环保水性自干漆,DZE-14EB2,,蓝光标准包装箱,,,华东2,低,N,N
YM150209I,四川科莱,TA1.0B-H,0,MC,无,DC220V,400*4*10*16,有,CV,海1387,8米配,,蓝光铭牌,,2015/1/1,AC380V,海蓝环保水性自干漆,WYT-TA.3A(10簧）,,蓝光标准包装箱,,,华东2,低,N,N
YM150209G,中原智能,TA1.75D-H,0,MC,无,DC110V,400*5*10*16,有,默纳克,海1387,8米,,蓝光铭牌,D型,2015/1/1,AC380V,电机灰,WYT-TA.3(10簧）,,蓝光标准包装箱,,,华东2,低,N,N
YM150210A,杭州奥立达,TA0.5D-H,0,MC,无,DC110V,400*5*10*16,有,默纳克,海1387,7米,,奥立达铭牌1.1版本ALDWYT-T,"D型，型号WYT前加大写ALD ,奥立达包装箱",2015/1/1,AC380V,海蓝环保水性自干漆,WYT-TA.3(10簧）,,蓝光标准包装箱,,,华东1,低,N,N
YM150209D,杭州奥立达,TA1.0D-H,0,MC,无,DC110V,400*5*10*16,有,默纳克,海1387,7米,,蓝光铭牌,D型,2015/1/1,AC380V,海蓝环保水性自干漆,WYT-TA.3(10簧）,,蓝光标准包装箱,21500006,,华东1,低,N,N
YM150209C,杭州奥立达,TA1.75C-H,0,MC,无,DC110V,400*5*10*16,有,默纳克,海1387,7米,,蓝光铭牌,D型,2015/1/1,AC380V,海蓝环保水性自干漆,WYT-TA.3(10簧）,,蓝光标准包装箱,2150009-21500010,,华东1,低,N,N
GLR201502090011（G15NA008）,苏州歌拉瑞,TA1.0C-H,0,MC,无,DC110V,400*4*10*16,有,默纳克,海1387,9米,,歌拉瑞中文铭牌，型号打：GWZ01A-02,D型，歌拉瑞包装壁挂器无厂址,2015/1/1,AC380V,煤灰色红色接线盒,WYT-TA.3(10簧）,,特殊包装箱,,,华东1,低,N,N
预投YS150210E,广州广日,TA2.0D-H,0,MC,无,DC110V,V400*5*10*16,有,新时达,海1387,7米,,广日铭牌，作业号：16815735J，载重打印1050KG,D型，提供原点值，β105 γ40 ,2015/1/1,AC380V,豆绿色,WYT-TA.3(10簧）,,蓝光标准包装箱,,,华南,低,N,N
预投YS150210A,广州广日,TC1.75D-H,0,,无,DC110V,V400*5*10*16,有,新时达,海1387,7米,,广日铭牌，铭牌载重打印1050KG，作业号：16812648C,D型，提供原点值，β105 γ40 ,2015/1/1,AC380V,豆绿色,WYT-TA.3(10簧）,,蓝光标准包装箱,,,华南,低,N,N
预投YS150210C,广州广日,TC2.0C-H,0,,无,DC110V,V400*5*10*16,有,新时达,海1387,7米,,广日铭牌，铭牌载重打印825KG，作业号：16812648B,D型，提供原点值，β105 γ40 ,2015/1/1,AC380V,豆绿色,WYT-TA.3(10簧）,,蓝光标准包装箱,,,华南,低,N,N
SYLG150210A,韩国富士,T1.0BM-H,0,MC,无,DC110V,325*5*8*12,有,富士,海1387,10米,,"韩国富士铭牌,需要贴韩国富士专用KTL贴（TA1.0B的）","出口包装箱（2层），减震垫20块（赠,WYT-TAM-5），机座外型特殊，韩国富士用图纸,另每台带4个M16*45螺栓,预先接上编码器电缆",2015/1/1,AC380V,海蓝环保水性自干漆,WYT-TAM.3,,出口2层包装箱,,,国际,低,N,N
PO01502070011.3,广州广日,曳引轮,0,,无,,480*7*10*16-3G,无,,,,,,"WYT-Y2D-3G,木箱包装",2015/1/1,AC380V,海蓝环保水性自干漆,,,蓝光标准包装箱,,,华南,低,N,N
YE150209F,浙江怡达,TA1.0DL-H,0,MC,无,DC110V,480*5*10*16,无,富士,海1387,8米,,蓝光英文铭牌检验报告,D型，要原点值，出口免熏蒸包装,2015/1/1,AC380V,海蓝环保水性自干漆,WYT-TA.3(12簧）,,出口免熏蒸包装,D04CB091R.3-5/P-201502075,,华东1,低,N,N
YE150209E,浙江怡达,U1.0FS-H,0,MM,无,DC110V,480*6*12*18,无,富士,海1387,8米,,蓝光英文铭牌检验报告,D型，要原点值，U出口主机包装箱,2015/1/1,AC380V,海蓝环保水性自干漆,WYT-U.3(2T）,,蓝光标准包装箱,D04CB091R.1-2/P-201502075,,华东1,低,N,N
YE2015-02062-02064,恒达富士,TA1.75C-H,0,MC,无,DC110V,400*5*10*16,有,富士,海1387,7米,,恒达富士铭牌MP-118 铭牌打 1.5M/S  ,D型,2015/1/1,AC380V,海蓝环保水性自干漆,WYT-TA.3(10簧）,,蓝光标准包装箱,2015-02062-02064,,华东1,低,N,N
YE2015-02059,恒达富士,U1.0FS-H,0,MM,无,DC110V,480*7*12*18,有,富士,海1387,7米,,恒达富士铭牌MP-118 ,D型,2015/1/1,AC380V,海蓝环保水性自干漆,WYT-U.3(2T）,,蓝光标准包装箱,2015-02059,,华东1,低,N,N
YN150209A,北方个人,DZE-14EAS,0,,无,DC110V,,无,,,,,,木箱包装,2015/1/1,AC380V,海蓝环保水性自干漆,,,蓝光标准包装箱,,,北方,低,N,N
SSEC2015723(201510107-0108),苏州铃木,S2.0CL-H,0,BCC,无,AC220V,480*5*10*16-3U,有,默纳克,海1387,,,苏州铃木铭牌（SSEC版本）,不带电缆线,2015/1/1,AC380V,电机灰,DZE-14EB2,,特殊包装箱,,,华东2,低,N,N
SSEC2015656(2015020118),苏州铃木,TA1.0D-H,0,MC,无,DC110V,400*5*10*16,有,默纳克,海1387,,,苏州铃木铭牌（SSEC版本）,不带电缆线,2015/1/1,AC380V,电机灰,WYT-TA.3(10簧）,,特殊包装箱,,,华东2,低,N,N
801145,珠江中富,U1.0ES-H,0,MM,无,DC110V,480*7*12*18,有,默纳克,海1387,7米配,,珠江富士（中国）铭牌,D型,2015/1/1,AC380V,海蓝环保水性自干漆,WYT-U.3(2T以下）,,蓝光标准包装箱,,,华南,低,N,N
YE150205H,奥玛斯电梯（苏州）,TA1.0D-H,0,MC,无,DC110V,400*5*10*16,无,默纳克,海1387,7米,,蓝光铭牌  铭牌打2000KG 0.5M/S 4:1,D型,2015/1/1,AC380V,海蓝环保水性自干漆,WYT-TA.3(10簧）,,蓝光标准包装箱,20150204,,华东1,低,N,N
YE150205G,德森克,TA1.5D-H,0,MC,无,DC110V,400*5*10*16,有,默纳克,海1387,7米,,德森克铭牌，出厂编码打D2143系列型号DSK-TB-II  ,D型 ,2015/1/1,AC380V,海蓝环保水性自干漆,WYT-TA.3(10簧）,,蓝光标准包装箱,D2143,,华东1,低,N,N
YS150203E,广东朗格斯,TA1.0C-H,0,MC,无,DC110V,400*5*10*16,有,默纳克,海1387,7米,,蓝光铭牌,D型,2015/1/1,AC380V,海蓝环保水性自干漆,WYT-TA.3(10簧）,,蓝光标准包装箱,,,华南,低,N,N
YS150205I,广东联合富士,TA1.6D-H,0,MC,无,DC110V,400*5*10*16,有,默纳克,海1387,7米,,蓝光铭牌，铭牌梯速打1.5M/S,D型,2015/1/1,AC380V,海蓝环保水性自干漆,WYT-TA.3(10簧）,,蓝光标准包装箱,502053,,华南,低,N,N
YS150205G,广东联合富士,TA1.6E-H,0,MC,无,DC110V,400*5*10*16,有,默纳克,海1387,7米,,蓝光铭牌，铭牌梯速打1.5M/S ,D型,2015/1/1,AC380V,海蓝环保水性自干漆,WYT-TA.3(12簧）,,蓝光标准包装箱,502060,,华南,低,N,N
YS150205D,广东亚太西奥,TA1.0D-H,0,MC,无,DC110V,400*5*10*16,有,默纳克,海1387,7米,,广东亚太西奥铭牌,D型,2015/1/1,AC380V,海蓝环保水性自干漆,WYT-TA.3(10簧）,,蓝光标准包装箱,XAK20150203-1,,华南,低,N,N
YM150205G,浙江飞亚,Y1.0CS-H,0,AWW,无,DC110V,410*7*10*16-3C,有,蓝光一体化,海1387,7米,,蓝光铭牌,"D型 ,有库存，不用排产",2015/1/1,AC380V,海蓝环保水性自干漆,DZE-16E3B2A,,蓝光标准包装箱,,,华东1,低,N,N
PO01502060033.2,广州广日,Y1.75D1-N,0,ENN,无,DC110V,480*7*10*16-3G,有,华为,多8192,7米,,广日铭牌，作业号：16806564B,提供原点值 ,2015/1/1,AC380V,豆绿色,DZE-16E3B2A,,蓝光标准包装箱,,,华南,低,N,N
15Z0259,广州永日,U1.5DS-H,0,MM,无,DC110V,480*6*12*18,有,富士,海1387,,,蓝光铭牌,不带电缆,2015/1/1,AC380V,中酞兰,WYT-TA.3(10簧）,,蓝光标准包装箱,,,华南,低,N,N
YE150204E,德森克,U1.0ES-H,0,MM,无,DC110V,480*7*12*18,有,默纳克,海1387,7米,,德森克铭牌，出厂编码打D2287系列型号DSK-TB-II,D型 ,2015/1/1,AC380V,海蓝环保水性自干漆,WYT-U.3(2T以下）,,蓝光标准包装箱,D2287,,华东1,低,N,N
YE150205D,苏州富士精工,TA1.5C-H,0,MC,无,DC110V,400*5*10*16,有,默纳克,海1387,10米,,蓝光铭牌,D型,2015/1/1,AC380V,海蓝环保水性自干漆,WYT-TA.3(10簧）,,蓝光标准包装箱,15-02024#,,华东1,低,N,N
YS150204A,广东华凯,U1.75DS-H,0,MM,无,DC110V,480*7*12*18,有,默纳克,海1387,7米,,"蓝光铭牌,铭牌梯速打1.5M/S ",D型,2015/1/1,AC380V,海蓝环保水性自干漆,WYT-U.3(2T以下）,,蓝光标准包装箱,K201501018,,华南,低,N,N
YM150205B,浙江汉诺威,TA1.0D-H,0,MC,无,DC110V,400*5*10*16,有,默纳克,海1387,10米,,蓝光铭牌,D型,2015/1/1,AC380V,海蓝环保水性自干漆,WYT-TA.3(10簧）,,蓝光标准包装箱,HNW2015K0005,,华东1,低,N,N
GY-15-02,博林特,Y2.5F2-H,0,EWW,无,AC220V,480*12*12*15-3F(C),有,默纳克,海1387,7米,,蓝光铭牌,D型,2015/1/1,AC380V,海蓝环保水性自干漆,DZE-16E3B2,,蓝光标准包装箱,,,北方,低,N,N
YE150205A,浙江屹立,TA1.75D-H,0,MC,无,DC110V,400*5*10*16,有,蓝光一体化,海1387,7米,,蓝光铭牌,D型,2015/1/1,AC380V,海蓝环保水性自干漆,WYT-TA.3(10簧）,,蓝光标准包装箱,150205(0235),,华东1,低,N,N
XDL153789,连云港西德电梯有限公司(江苏西继),U1.0ES-H,0,MM,无,DC110V,480*8*10*16-2D,有,CV,海1387,10米配,,主机用西德中文铭牌，制动器和上行超速铭牌用蓝光中文  SM-U,西门子LOGO包装箱,2015/1/1,AC380V,电机灰,WYT-U.3(2T以下）,,出口单层包装箱,,,华东2,低,N,N
YN15-0055,辽宁三洋,TA1.75C-H,0,MC,无,DC220V,400*5*10*16,有,蓝光一体化,海1387,7米,,蓝光铭牌,D型,2015/1/1,AC380V,海蓝环保水性自干漆,WYT-TA.3(10簧）,,蓝光标准包装箱,,,北方,低,N,N
YN15-0054,辽宁三洋,TA1.75D-H,0,MC,无,DC220V,400*5*10*16,有,蓝光一体化,海1387,7米,,蓝光铭牌,D型,2015/1/1,AC380V,海蓝环保水性自干漆,WYT-TA.3(10簧）,,蓝光标准包装箱,,,北方,低,N,N
PO01502040011.2,广州广日,Y2.0E1-N,0,ENN,无,DC110V,480*7*10*16-3G,有,华为,多8192,7米,,广日铭牌，作业号：16806564G,提供原点值 ,2015/1/1,AC380V,豆绿色,DZE-16E3B2A,,蓝光标准包装箱,,,华南,低,N,N
YS150203A,广州日新,TA1.0C-H,0,MC,无,DC110V,V400*5*10*16,有,新时达,海1387,7米,,蓝光铭牌,D型β105 γ40 ,2015/1/1,AC380V,豆绿色,WYT-TA.3(10簧）,,蓝光标准包装箱,,,华南,低,N,N
YS150203B,广州日新,TA1.0D-H,0,MC,无,DC110V,V400*5*10*16,有,新时达,海1387,7米,,蓝光铭牌,D型β105 γ40 ,2015/1/1,AC380V,豆绿色,WYT-TA.3(10簧）,,蓝光标准包装箱,,,华南,低,N,N
4500802846,成都康力,S2.0DL-H,0,BCC,无,AC220V,480*6*10*16-3AD,有,新时达,海1387,10米,,康力铭牌,D型，减震12块（赠），康力防护罩，康力包装，带M24*130组合螺栓，提供原点值，贴上下行标签,2015/1/1,AC380V,银灰,DZE-14EB2,,蓝光标准包装箱,152000279/130-150,,华东2,低,N,N
MJ20150204-01,江苏美佳,TA1.5C-H,0,MC,无,DC110V,400*5*10*16,有,蓝光一体化,海1387,6米,,蓝光铭牌,D型,2015/1/1,AC380V,电机灰,WYT-TA.3(10簧）,,蓝光标准包装箱,,,华东2,低,N,N
MJ20150204-02,江苏美佳,TA1.5D-H,0,MC,无,DC110V,400*5*10*16,有,蓝光一体化,海1387,6米,,蓝光铭牌,D型,2015/1/1,AC380V,电机灰,WYT-TA.3(10簧）,,蓝光标准包装箱,,,华东2,低,N,N
YS150202G,东莞三洋,S1.5C-H,0,BCC,无,AC220V,400*5*10*16,有,新时达,海1387,7米,,东莞三洋监制铭牌,D型 ,2015/1/1,AC380V,海蓝环保水性自干漆,DZE-14EB2,,蓝光标准包装箱,A.2015.01.043,,华南,低,N,N
YE150203M,苏州富士精工,TA1.75D-H,0,MC,无,DC110V,400*5*10*16,有,默纳克,海1387,10米,,蓝光铭牌,D型 ,2015/1/1,AC380V,海蓝环保水性自干漆,WYT-TA.3(10簧）,,蓝光标准包装箱,销售购买,,华东1,低,N,N
YS150202H,广东朗格斯,TA0.5D-H,0,MC,无,DC110V,400*5*10*16,有,默纳克,海1387,7米,,蓝光铭牌,D型,2015/1/1,AC380V,海蓝环保水性自干漆,WYT-TA.3(10簧）,,蓝光标准包装箱,H201501008,,华南,低,N,N
YS150202C,广东亚太西奥,S1.5C-H,0,BCC,无,DC110V,400*5*10*16,有,默纳克,海1387,7米,,广东亚太西奥铭牌,D型,2015/1/1,AC380V,海蓝环保水性自干漆,DZE-14EA,,蓝光标准包装箱,XAK20150116-9,,华南,低,N,N
YS150202A,广东亚太西奥,S1.75C-H,0,BCC,无,DC110V,400*5*10*16,有,默纳克,海1387,7米,,广东亚太西奥铭牌,D型,2015/1/1,AC380V,海蓝环保水性自干漆,DZE-14EA,,蓝光标准包装箱,XAK20150116-4-5,,华南,低,N,N
YE150203C,沃克斯电梯（上海腾能）,TA1.5B-H,0,MC,无,DC110V,400*4*10*16,有,新时达,海1387,9米,,蓝光铭牌检验报告,D型，沃克斯包装箱,2015/1/1,AC380V,海蓝环保水性自干漆,WYT-TA.3A(10簧）,,特殊包装箱,V13N8144-8146(WKS20150202051),,华东1,低,N,N
YS150202F,广东亚太西奥,TA1.5D-H,0,MC,无,DC110V,400*5*10*16,有,默纳克,海1387,7米,,广东亚太西奥铭牌,D型,2015/1/1,AC380V,海蓝环保水性自干漆,WYT-TA.3(10簧）,,蓝光标准包装箱,XAK20150121-2,,华南,低,N,N
YE150203B,浙江快客,TA1.0C-H,0,MC,无,DC110V,400*5*10*16,有,新时达,海1387,7米,,蓝光铭牌 ,D型 ,2015/1/1,AC380V,海蓝环保水性自干漆,WYT-TA.3(10簧）,,蓝光标准包装箱,HT15010014(L1),,华东1,低,N,N
15Z0238,广州永日,U1.0FS-H,0,MM,无,DC110V,480*6*12*18,有,富士,海1387,,,蓝光铭牌,不带电缆,2015/1/1,AC380V,中酞兰,WYT-U.3(2T）,,蓝光标准包装箱,,,华南,低,N,N
YS150202I,惠州通力,TA1.5B-H,0,MC,无,DC110V,400*4*10*16,无,默纳克,海1387,7米,,蓝光铭牌,D型,2015/1/1,AC380V,海蓝环保水性自干漆,WYT-TA.3A(10簧）,,蓝光标准包装箱,A.2015.01.002,,华南,低,N,N
YE150202A,奥玛斯电梯（苏州）,TA1.0C-H,0,MC,无,DC110V,400*5*10*16,有,默纳克,海1387,7米,,蓝光铭牌,D型  ,2015/1/1,AC380V,海蓝环保水性自干漆,WYT-TA.3(10簧）,,蓝光标准包装箱,20150119,,华东1,低,N,N
PO01502020025.1,广州广日,TA1.0B-H,0,MC,无,DC110V,V400*5*8*14-2M,无,新时达,海1387,7米,,广日铭牌，作业号：16818488A ,D型，提供原点值，β85 γ50 V型，防护罩用WYT-TA.6B,2015/1/1,AC380V,豆绿色,WYT-TA.3A(10簧）,,蓝光标准包装箱,,,华南,低,N,N
SSEC2015509(2015010086),苏州铃木,TA1.5C-H,0,MC,无,DC110V,400*5*10*16,有,默纳克,海1387,,,苏州铃木铭牌（SSEC版本）,不带电缆线,2015/1/1,AC380V,电机灰,WYT-TA.3(10簧）,,特殊包装箱,,,华东2,低,N,N
YS150129D,广东朗格斯,TA1.0A-H,0,MC,无,DC110V,400*4*10*16,有,默纳克,海1387,7米,,蓝光铭牌,D型,2015/1/1,AC380V,海蓝环保水性自干漆,WYT-TA.3A(10簧）,,蓝光标准包装箱,K201501010,,华南,低,N,N
YM150202A,杭州奥立达,TA1.0E-H,0,MC,无,DC110V,400*5*10*16,有,默纳克,海1387,7米,,奥立达铭牌1.1版本ALDWYT-T,"D型，型号WYT前加大写ALD ,奥立达包装箱",2015/1/1,AC380V,海蓝环保水性自干漆,WYT-TA.3(12簧）,,蓝光标准包装箱,11500313,,华东1,低,N,N
YS150130A,广东辛格林,U1.75ES-H,0,MM,无,DC110V,480*7*12*18,无,默纳克,海1387,10米,,蓝光铭牌，铭牌梯速打印1.5M/S,D型,2015/1/1,AC380V,海蓝环保水性自干漆,WYT-U.3(2T以下）,,蓝光标准包装箱,SGL20150127-1,,华南,低,N,N
YE150202C,沃克斯电梯（上海腾能）,Y2.5B3-H,0,AWW,无,AC220V,410*6*10*16-3C,有,新时达,海1387,9米,,蓝光铭牌检验报告,"D型,沃克斯包装箱",2015/1/1,AC380V,海蓝环保水性自干漆,DZE-16E3B2,,特殊包装箱,V14N0978-0979(WKS20150202001),,华东1,低,N,N
82176,珠江中富,U1.75ES-H,0,MM,无,DC110V,480*7*12*18,有,富士,海1387,7米配,,珠江中富铭牌,D型 ,2015/1/1,AC380V,海蓝环保水性自干漆,WYT-U.3(2T以下）,,蓝光标准包装箱,,,华南,低,N,N
CQT201502-2-5,山东百斯特,U1.75ES-H,0,MM,无,DC110V,480*7*12*18,无,默纳克,海1387,10米,,蓝光铭牌,D型,2015/1/1,AC380V,海蓝环保水性自干漆,WYT-U.3(2T以下）,,特殊包装箱,,,北方,低,N,N
YM150130A,西威电梯江苏有限公司,TA1.0C-H,0,MC,无,DC110V,400*5*10*16,有,新时达,海1387,10米,,西威铭牌,D型,2015/1/1,AC380V,海蓝环保水性自干漆,WYT-TA.3(10簧）,,蓝光标准包装箱,2014-K-00838,,华东2,低,N,N
YM150130B,西威电梯江苏有限公司,TA1.5C-H,0,MC,无,DC110V,400*5*10*16,有,新时达,海1387,10米,,西威铭牌,D型,2015/1/1,AC380V,海蓝环保水性自干漆,WYT-TA.3(10簧）,,蓝光标准包装箱,,,华东2,低,N,N
YM150130C,西威电梯江苏有限公司,TA1.75C-H,0,MC,无,DC110V,400*5*10*16,有,新时达,海1387,10米,,江苏广日德科铭牌,D型,2015/1/1,AC380V,海蓝环保水性自干漆,WYT-TA.3(10簧）,,蓝光标准包装箱,,,华东2,低,N,N
YS150129B,广东联合富士,TA1.6B-H,0,MC,无,DC110V,400*4*10*16,有,默纳克,海1387,7米,,"蓝光铭牌,铭牌梯速打1.5M/S ",D型，主机电压AC220V,2015/1/1,AC220V,海蓝环保水性自干漆,WYT-TA.3A(10簧）,,蓝光标准包装箱,503003,,华南,低,N,N
YS150128F,广东广船,TA1.5D-H,0,MC,无,DC110V,400*5*10*16,有,默纳克,海1387,7米,,蓝光铭牌,D型,2015/1/1,AC380V,海蓝环保水性自干漆,WYT-TA.3(10簧）,,蓝光标准包装箱,14833615 L1#,,华南,低,N,N
YS150128B,广州东方,TA1.0D-H,0,MC,无,DC110V,400*5*10*16,有,新时达,海1387,7米,,蓝光铭牌,D型，主机下置，带盘车装置,2015/1/1,AC380V,海蓝环保水性自干漆,WYT-TA.3(10簧）,,蓝光标准包装箱,15T7730013,,华南,低,N,N
GLR201501290005（G15NA001-006）,苏州歌拉瑞,TA1.5D-H,0,MC,无,DC110V,400*5*10*16,有,默纳克,海1387,9米,,苏州歌拉瑞中文铭牌，型号打：GWZ01A-02,D型.歌拉瑞包装壁挂器无厂址,2015/1/1,AC380V,煤灰色红色接线盒,WYT-TA.3(10簧）,,特殊包装箱,,,华东1,低,N,N
YM150128A,浙江喜来登,TA1.5B-H,0,MC,无,DC110V,400*4*10*16,有,默纳克,海1387,8米配,,蓝光铭牌,D型，减震1套（赠）,2015/1/1,AC380V,海蓝环保水性自干漆,WYT-TA.3A(10簧）,,蓝光标准包装箱,XDL15K0388许清江,,华东1,低,N,N
YM150128D,浙江喜来登,TA1.5D-H,0,MC,无,DC110V,400*5*10*16,有,默纳克,海1387,8米配,,蓝光铭牌,D型，减震1套（赠）,2015/1/1,AC380V,海蓝环保水性自干漆,WYT-TA.3(10簧）,,蓝光标准包装箱,XDL15K0398福建省金加工时恒达裕皮革制品有限公司,,华东1,低,N,N
YE150129F,浙江快客,TA1.5D-H,0,MC,无,DC110V,400*5*10*16,有,默纳克,海1387,7米,,蓝光铭牌 ,D型 ,2015/1/1,AC380V,海蓝环保水性自干漆,WYT-TA.3(10簧）,,蓝光标准包装箱,HT14120147（L1-L4）,,华东1,低,N,N
YE150129J,浙江怡达,U1.75ES-H,0,MM,无,DC110V,480*6*12*18,有,默纳克,海1387,8米,,怡达快速铭牌检验报告,D型，要原点值，怡达包装箱和装箱清单，带两张合格证，一张怡达合格证，一张蓝光 ,2015/1/1,AC380V,海蓝环保水性自干漆,WYT-U.3(2T以下）,,特殊包装箱,D020025.3-5/P-2015011038,,华东1,低,N,N
PO01501240003,广州广日,S1.75D-N,0,BCC,无,DC110V,V400*5*10*16,有,华为,多8192,7米,,广日铭牌，作业号：16804638G,提供原点值,2015/1/1,AC380V,豆绿色,DZE-14EA,,蓝光标准包装箱,,,华南,低,N,N
YS150127C,东莞三洋,TA1.5D-H,0,MC,无,DC110V,400*5*10*16,有,新时达,海1387,7米,,东莞三洋监制铭牌,D型,2015/1/1,AC380V,海蓝环保水性自干漆,WYT-TA.3(10簧）,,蓝光标准包装箱,A.2015.01.034,,华南,低,N,N
YS150126G,广州日新,TA1.75D-H,0,MC,无,DC110V,V400*5*10*16,有,新时达,海1387,7米,,蓝光铭牌,D型，提供原点值，β105 γ40 ,2015/1/1,AC380V,豆绿色,WYT-TA.3(10簧）,,蓝光标准包装箱,,,华南,低,N,N
YM150127H,成都环通机电,S1.0C-H,0,BCC,无,AC220V,400*5*10*16,无,CV,海1387,7米,5米,蓝光铭牌,,2015/1/1,AC380V,海蓝环保水性自干漆,DZE-14EB2,,蓝光标准包装箱,,,华东2,低,N,N
14-32098,沈阳三洋,TA1.5B(S)-H,0,MC,无,DC110V,400*4*10*16-2(SA),有,,海1387,7米,,沈阳三洋铭牌,D型,2015/1/1,AC380V,海蓝环保水性自干漆,WYT-TA.3A(10簧）,,蓝光标准包装箱,,,北方,低,N,N
XDL153760-153763,连云港西德电梯有限公司(江苏西继),S2.0D-H,0,BCC,无,AC220V,400*5*10*16,有,CV,海1387,10米配,,主机用西德中文铭牌，制动器和上行超速铭牌用蓝光中文    SM-S,西门子LOGO包装箱,2015/1/1,AC380V,电机灰,DZE-14EB2,,出口免熏蒸包装,,,华东2,低,N,N
YE150126G,奥瑞斯电梯,TA1.0A-H,0,MC,无,DC110V,400*4*10*16,无,默纳克,海1387,7米,,蓝光铭牌 ,D型,2015/1/1,AC380V,海蓝环保水性自干漆,WYT-TA.3A(10簧）,,蓝光标准包装箱,A15-K-0179,,华东1,低,N,N
200050630-00087683,东莞快意,Y2.5BC3-H,0,ANN,无,DC110V,410*6*10*16-3R,有,CTRL70A,海1387,10米,,蓝光英文铭牌,V型槽，β=103，γ=50，全英文资料，WYT-Y1C-FHZ.5防护罩， 左置，包角>145度，NSK轴承,2015/1/1,AC380V,海蓝环保水性自干漆,DZE-16E3B2A,,蓝光标准包装箱,,,华南,低,N,N
YS150126I,佛山住友富士,S1.5D-H,0,BCC,无,AC220V,400*5*10*16,有,新时达,海1387,7米,,蓝光铭牌，铭牌载重1050KG,D型，主机颜色为黑色，代码为1.06.578,2015/1/1,AC380V,信号黑色,DZE-14EB2,,蓝光标准包装箱,1412063,,华南,低,N,N
YS150126J,广东联合富士,TA1.0E-H,0,MC,无,DC110V,400*5*10*16,无,默纳克,海1387,7米,,蓝光铭牌,D型,2015/1/1,AC380V,海蓝环保水性自干漆,WYT-TA.3(12簧）,,蓝光标准包装箱,502001,,华南,低,N,N
YS150127A,广东亚太西奥,S1.5D-H,0,BCC,无,DC110V,400*5*10*16,有,默纳克,海1387,7米,,广东亚太西奥铭牌,D型 ,2015/1/1,AC380V,海蓝环保水性自干漆,DZE-14EA,,蓝光标准包装箱,XAK20150116-6-8,,华南,低,N,N
YM150127A,浙江喜来登,TA1.5DL-H,0,MC,无,DC110V,480*5*10*16,有,默纳克,海1387,8米配,,"蓝光铭牌，悬挂比4:1，铭牌打：2000KG,梯速：0.75m/s",D型，减震1套（赠）,2015/1/1,AC380V,海蓝环保水性自干漆,WYT-TA.3(12簧）,,蓝光标准包装箱,XDL15K0358温州市程丰金属制品厂,,华东1,低,N,N
2015-302B,辽宁富士,U1.75ES-H,0,MM,无,DC110V,480*7*12*18,有,默纳克,海1387,7米,,蓝光铭牌,D型,2015/1/1,AC380V,海蓝环保水性自干漆,WYT-U.3(2T以下）,,蓝光标准包装箱,,,北方,低,N,N
YM150127C,常州电梯厂,TA1.0C-H,0,MC,无,DC110V,400*5*10*16,有,新时达,海1387,10米配,,蓝光铭牌,D型,2015/1/1,AC380V,电机灰,WYT-TA.3(10簧）,,蓝光标准包装箱,,,华东2,低,N,N
YM150127B,常州电梯厂,TA1.5C-H,0,MC,无,DC110V,400*5*10*16,有,新时达,海1387,10米配,,蓝光铭牌,D型,2015/1/1,AC380V,电机灰,WYT-TA.3(10簧）,,蓝光标准包装箱,,,华东2,低,N,N
YM150127D,常州电梯厂,TA1.75C-H,0,MC,无,DC110V,400*5*10*16,有,新时达,海1387,10米配,,蓝光铭牌,D型,2015/1/1,AC380V,电机灰,WYT-TA.3(10簧）,,蓝光标准包装箱,,,华东2,低,N,N
YM150126A,辽宁富士(安徽）,TA1.75C-H,0,MC,无,DC220V,400*5*10*16,有,安川,海1387,8米,,蓝光铭牌,,2015/1/1,AC380V,电机灰,WYT-TA.3(10簧）,,蓝光标准包装箱,,,华东2,低,N,N
YM150112B,苏州富士制御电梯,TA1.75D-H,0,MC,无,DC110V,400*5*10*16,有,新时达,海1387,7米,,蓝光铭牌,"D型,合格证和随机资料不放在箱子里单独邮给客户",2015/1/1,AC380V,海蓝环保水性自干漆,WYT-TA.3(10簧）,,蓝光标准包装箱,,,华东2,低,N,N
YS150316H,广东广船,TA1.75C-H,0,MC,无,DC110V,400*5*10*16,有,默纳克,海1387,7米,,蓝光铭牌,D型,2015/1/1,AC380V,海蓝环保水性自干漆,WYT-TA.3(10簧）,,蓝光标准包装箱,15833514 L1-L2,,华南,低,N,N
YM150123A,苏州银海机电科技有限公司,TA1.0C-H,0,MC,无,DC110V,400*5*10*16,有,默纳克,海1387,7米,,浙江富控英文铭牌（MP-120A）,D型，TA出口包装,2015/1/1,AC380V,电机灰,WYT-TA.3(10簧）,,出口单层包装箱,,,华东2,低,N,N
YS150126E,广东广船,TA1.0B-H,0,MC,无,DC110V,400*4*10*16,有,默纳克,海1387,7米,,蓝光英文铭牌，铭牌打印545KG,D型,2015/1/1,AC380V,海蓝环保水性自干漆,WYT-TA.3A(10簧）,,蓝光标准包装箱,15833511    L1#,,华南,低,N,N
YS150126F,广东广船,TA1.75C-H,0,MC,无,DC110V,400*5*10*16,有,默纳克,海1387,7米,,蓝光英文铭牌，铭牌打印750KG,D型,2015/1/1,AC380V,海蓝环保水性自干漆,WYT-TA.3(10簧）,,蓝光标准包装箱,15833514 L1-L2,,华南,低,N,N
YS150126D,广东皇朝富士,TA1.5C-H,0,MC,无,DC110V,400*5*10*16,有,默纳克,海1387,7米,,蓝光铭牌,D型,2015/1/1,AC380V,海蓝环保水性自干漆,WYT-TA.3(10簧）,,蓝光标准包装箱,K150123-1,,华南,低,N,N
YN15-0036,天津宏翔,TA1.75B-H,0,MC,无,DC220V,400*4*10*16,有,蓝光一体化,海1387,10米,,蓝光中文铭牌，英文随机资料,D型,2015/1/1,AC380V,海蓝环保水性自干漆,WYT-TA.3A(10簧）,,蓝光标准包装箱,,,北方,低,N,N
PO01501230028,广州广日,U2.5DS-H,0,MM,无,DC110V,V480*5*10*16-2H,有,新时达,海1387,7米,,广日铭牌.作业号：16827721B 载重打印1050KG,D型，提供原点值，V型带切口:β100γ50 ,2015/1/1,AC380V,豆绿色,WYT-U.3(2T以下）,,蓝光标准包装箱,,,华南,低,N,N
YS150126B,广州日创,TC1.75D-H,0,,无,DC110V,V400*5*10*16,有,新时达,海1387,7米,,蓝光铭牌主机铭牌随资料不安装在机器上,D型，广日豆绿色 β105 γ40 ,2015/1/1,AC380V,豆绿色,WYT-TA.3(10簧）,,蓝光标准包装箱,P000420150123,,华南,低,N,N
15-1469,山东博尔特,U1.0DS-H,0,MM,无,DC110V,480*7*12*18,无,默纳克,海1387,10米,,蓝光铭牌,D型,2015/1/1,AC380V,海蓝环保水性自干漆,WYT-U.3(2T以下）,,蓝光标准包装箱,,,北方,低,N,N
YN150121D,大连李尔,TA1.0C-H,0,MC,无,DC110V,400*4*10*16,无,新时达,海1387,7米,,蓝光铭牌,D型,2015/1/1,AC380V,海蓝环保水性自干漆,WYT-TA.3(10簧）,,蓝光标准包装箱,,,北方,低,N,N
YN150123A,沈阳三洋安装,方型制动器（左）,0,,无,DC110V,WYT-TA.3-YA,无,,,,,,木箱包装,2015/1/1,AC380V,海蓝环保水性自干漆,,,蓝光标准包装箱,,,北方,低,N,N
YM150121A,苏州银海机电科技有限公司,TA1.0B-H,0,MC,无,DC110V,400*4*10*16,有,默纳克,海1387,7米,,浙江富控英文铭牌（MP-116）,D型，TA出口包装,2015/1/1,AC380V,电机灰,WYT-TA.3A(10簧）,,出口单层包装箱,,,华东2,低,N,N
沃克斯型式试验,沃克斯电梯（上海腾能）,U2.5FS-H,0,MM,无,DC110V,480*7*12*18,有,CV,海1387,7米,,沃克斯铭牌MP-93检验报告,用库存机器,2015/1/1,AC380V,海蓝环保水性自干漆,WYT-U.3(2T）,,蓝光标准包装箱,,,华东2,低,N,N
YS150122C,广东新力欧菲尔,S1.0C-H,0,BCC,无,DC110V,400*5*10*16,有,默纳克,海1387,8米,,蓝光铭牌,D型 ,2015/1/1,AC380V,海蓝环保水性自干漆,DZE-14EA,,蓝光标准包装箱,15002# 15003#,,华南,低,N,N
YS150122A,广州东方,TA1.0B-H,0,MC,无,DC110V,400*4*10*16,有,新时达,海1387,7米,,蓝光铭牌,D型，主机下置，带盘车装置,2015/1/1,AC380V,海蓝环保水性自干漆,WYT-TA.3A(10簧）,,蓝光标准包装箱,15T5920010,,华南,低,N,N
YS150122B,广州东方,TA1.0C-H,0,MC,无,DC110V,400*5*10*16,有,新时达,海1387,7米,,蓝光铭牌,D型，主机下置，带盘车装置,2015/1/1,AC380V,海蓝环保水性自干漆,WYT-TA.3(10簧）,,蓝光标准包装箱,15T5920009,,华南,低,N,N
YAIJ201501-03,山东莱茵艾佳,TA1.5C-H,0,MC,无,DC220V,400*5*10*16,有,蓝光一体化,海1387,10米,,蓝光铭牌,D型,2015/1/1,AC380V,海蓝环保水性自干漆,WYT-TA.3(10簧）,,蓝光标准包装箱,,,北方,低,N,N
YAIJ201501-01,山东莱茵艾佳,TA1.5D-H,0,MC,无,DC220V,400*5*10*16,有,蓝光一体化,海1387,10米,,蓝光铭牌,D型,2015/1/1,AC380V,海蓝环保水性自干漆,WYT-TA.3(10簧）,,蓝光标准包装箱,,,北方,低,N,N
凯斯博型式试验,凯斯博电梯有限公司,Y4.0F2-H,0,EWW,无,AC220V,480*12*12*15-3F(C),有,CV,海1387,7米,,凯斯博铭牌KA-JLY,已与技术打过招呼，用他们的实验机器,2015/1/1,AC380V,海蓝环保水性自干漆,DZE-16E3B2,,蓝光标准包装箱,,,华东2,低,N,N
SSEC03004(2014122609-2610),苏州铃木,TA1.75D-H,0,MC,无,DC110V,400*5*10*16,有,富士LIFT,海1387,,,苏州铃木铭牌（SSEC版本）,不带电缆线,2015/1/1,AC380V,电机灰,WYT-TA.3(10簧）,,特殊包装箱,,,华东2,低,N,N
YE150122F,浙江怡达,S2.5D-H,0,BCC,无,AC220V,400*6*10*16-3G,有,默纳克,海1387,8米,,怡达快速铭牌检验报告,D型，要原点值，怡达包装箱和装箱清单，带两张合格证，一张怡达合格证，一张蓝光 ,2015/1/1,AC380V,海蓝环保水性自干漆,DZE-14EB2,,特殊包装箱,D110112.1/P-201501711,,华东1,低,N,N
90011-90012,珠江中富,U1.0DS-H,0,MM,无,DC110V,480*7*10*16-2D,无,蓝光一体化,海1387,7米配,,珠江富士（中国）铭牌,D型,2015/1/1,AC380V,海蓝环保水性自干漆,WYT-U.3(2T以下）,,蓝光标准包装箱,,,华南,低,N,N
YM150122A,江苏中群,S2.0DL-H,0,BCC,无,DC110V,480*6*10*16-3AI,有,蓝光一体化,海1387,10米,,蓝光铭牌,D型,2015/1/1,AC380V,电机灰,DZE-14EA,,蓝光标准包装箱,,,华东2,低,N,N
YE2015-01085,恒达富士,TA1.6D-H,0,MC,无,DC110V,400*5*10*16,有,富士,海1387,7米,,恒达富士英文铭牌MP-118A,D型,2015/1/1,AC380V,海蓝环保水性自干漆,WYT-TA.3(10簧）,,蓝光标准包装箱,2015-01085出口,,华东1,低,N,N
YE150119G,奥玛斯电梯（苏州）,TA1.75E-H,0,MC,无,DC110V,400*5*10*16,有,默纳克,海1387,7米,,蓝光铭牌 ,D型,2015/1/1,AC380V,海蓝环保水性自干漆,WYT-TA.3(12簧）,,蓝光标准包装箱,20150110,,华东1,低,N,N
YN141224A,齐齐哈尔建华,TA1.0C-H,0,MC,无,DC220V,400*5*10*16,无,蓝光一体化,海1387,7米,,蓝光铭牌,D型,2015/1/1,AC380V,海蓝环保水性自干漆,WYT-TA.3(10簧）,,蓝光标准包装箱,,,北方,低,N,N
YE150120G,沃克斯电梯（上海腾能）,TA1.0B-H,0,MC,无,DC110V,400*4*10*16,有,新时达,海1387,9米,,蓝光英文铭牌检验报告,D型，TA出口包装,2015/1/1,AC380V,海蓝环保水性自干漆,WYT-TA.3A(10簧）,,出口单层包装箱,V15NE0001(WKS20150121030),,华东1,低,N,N
YS150121A,广东亚太西奥,TA1.75D-H,0,MC,无,DC110V,400*5*10*16,有,默纳克,海1387,7米,,广东亚太西奥铭牌,D型,2015/1/1,AC380V,海蓝环保水性自干漆,WYT-TA.3(10簧）,,蓝光标准包装箱,XAK20150108-7,,华南,低,N,N
YE150120F,浙江快客,TA1.0B-H,0,MC,无,DC110V,400*4*10*16,有,新时达,海1387,7米,,蓝光铭牌 ,D型 ,2015/1/1,AC380V,海蓝环保水性自干漆,WYT-TA.3A(10簧）,,蓝光标准包装箱,HT15010010(L1),,华东1,低,N,N
707113,珠江中富,TA2.0DL-H,0,MC,无,DC110V,480*5*10*16,有,默纳克,海1387,8米配,,"蓝光铭牌,铭牌打2000KG,1.0M/S 4:1",D型 ,2015/1/1,AC380V,海蓝环保水性自干漆,WYT-TA.3(12簧）,,蓝光标准包装箱,,,华南,低,N,N
2015-302A,辽宁富士,TA1.0D-H,0,MC,无,DC110V,400*5*10*16,有,默纳克,海1387,7米,,辽宁富士铭牌,D型,2015/1/1,AC380V,海蓝环保水性自干漆,WYT-TA.3(10簧）,,蓝光标准包装箱,,,北方,低,N,N
YM150121C,凯斯博电梯有限公司,U1.0ES-H,0,MM,无,DC110V,480*7*12*18,有,新时达,海1387,8米,,凯斯博铭牌 ,D型,2015/1/1,AC380V,海蓝环保水性自干漆,WYT-U.3(2T以下）,,蓝光标准包装箱,,,华东2,低,N,N
SSEC2015139（2015010021-0022）,苏州铃木,S1.75CL-H,0,BCC,无,AC220V,480*5*10*16-3U,有,新时达,海1387,,,苏州铃木铭牌（SSEC版本）,不带电缆线,2015/1/1,AC380V,电机灰,DZE-14EB2,,特殊包装箱,2014092156-2157(9#东9#西),,华东2,低,N,N
SSEC2015176(2015010025-0026),苏州铃木,TA1.6D-H,0,MC,无,DC110V,400*5*10*16,有,默纳克,海1387,,,苏州铃木铭牌（SSEC版本）,不带电缆线,2015/1/1,AC380V,电机灰,WYT-TA.3(10簧）,,特殊包装箱,,,华东2,低,N,N
YM150119D,许昌富士通电梯有限公司(许昌德瑞电梯有限公司),TA1.0A-H,0,MC,无,DC110V,400*4*10*16,有,默纳克,海1387,8米,,蓝光铭牌,D型，减震1套（赠，减震组合螺栓型号为：M16*40）。,2015/1/1,AC380V,海蓝环保水性自干漆,WYT-TA.3A(10簧）,,蓝光标准包装箱,,,华东2,低,N,N
YS150116C,广东皇朝富士,TA1.5B-H,0,MC,无,DC110V,400*4*10*16,有,新时达,海1387,7米,,蓝光铭牌,D型,2015/1/1,AC380V,海蓝环保水性自干漆,WYT-TA.3A(10簧）,,蓝光标准包装箱,K150114-1,,华南,低,N,N
YS150119J,广东莱孚,TA1.5D-H,0,MC,无,DC110V,400*5*10*16,有,默纳克,海1387,7米,,蓝光铭牌,D型,2015/1/1,AC380V,海蓝环保水性自干漆,WYT-TA.3(10簧）,,蓝光标准包装箱,,,华南,低,N,N
YM150119C,杭州奥立达,S2.0D-H,0,BCC,无,AC220V,400*5*10*16,有,默纳克,海1387,7米,,奥立达铭牌1.1版本 奥利达ALDWYT-S,D型，型号WYT前加大写ALD 奥立达包装箱,2015/1/1,AC380V,海蓝环保水性自干漆,DZE-14EB2,,蓝光标准包装箱,2015-K-0013/0011/0002/0007/0008/0001/0009/0010/0012/0014,,华东1,低,N,N
YM150119A,杭州奥立达,TA1.0B-H,0,MC,无,DC110V,400*4*10*16,有,默纳克,海1387,7米,,奥立达铭牌1.1版本ALDWYT-T,D型，型号WYT前加大写ALD 奥立达包装箱,2015/1/1,AC380V,海蓝环保水性自干漆,WYT-TA.3A(10簧）,,蓝光标准包装箱,,,华东1,低,N,N
PO01501200080.6,广州广日,Y1.0E1-N,0,ENN,无,DC110V,480*7*10*16-3G,有,华为,多8192,7米,,广日铭牌，作业号：16806564E,提供原点值 ,2015/1/1,AC380V,豆绿色,DZE-16E3B2A,,蓝光标准包装箱,,,华南,低,N,N
YE150119J,浙江快奥,TA1.5D-H,0,MC,无,DC110V,400*5*10*16,有,默纳克,海1387,10米,,蓝光铭牌,D型 ,2015/1/1,AC380V,海蓝环保水性自干漆,WYT-TA.3(10簧）,,蓝光标准包装箱,,,华东1,低,N,N
YJN150119B,奥利夫,DZE-14EB2,0,,无,AC220V,,无,,,,,,木箱包装,2015/1/1,AC380V,海蓝环保水性自干漆,,,蓝光标准包装箱,,,北方,低,N,N
YE150119M,浙江屹立,TA1.0C-H,0,MC,无,DC110V,400*5*10*16,有,蓝光一体化,海1387,7米,,蓝光铭牌,D型,2015/1/1,AC380V,海蓝环保水性自干漆,WYT-TA.3(10簧）,,蓝光标准包装箱,150156(0135),,华东1,低,N,N
YE150119L,浙江屹立,TA1.0D-H,0,MC,无,DC110V,400*5*10*16,有,蓝光一体化,海1387,7米,,蓝光铭牌,D型,2015/1/1,AC380V,海蓝环保水性自干漆,WYT-TA.3(10簧）,,蓝光标准包装箱,150154(0065),,华东1,低,N,N
YE150119K,浙江屹立,TA1.0E-H,0,MC,无,DC110V,400*5*10*16,有,蓝光一体化,海1387,7米,,蓝光铭牌,D型,2015/1/1,AC380V,海蓝环保水性自干漆,WYT-TA.3(12簧）,,蓝光标准包装箱,150155(0045),,华东1,低,N,N
711146,珠江中富,TC1.0DL-H,0,,无,DC110V,480*5*10*16,无,默纳克,海1387,7米配,,蓝光英文铭牌，载重打1050KG,D型 ,2015/1/1,AC380V,海蓝环保水性自干漆,WYT-TA.3(10簧）,,蓝光标准包装箱,,,华南,低,N,N
707274,珠江中富,U1.75DS-H,0,MM,无,DC110V,480*7*12*18,有,默纳克,海1387,7米配,,蓝光铭牌，载重打1250KG,D型,2015/1/1,AC380V,海蓝环保水性自干漆,WYT-U.3(2T以下）,,蓝光标准包装箱,,,华南,低,N,N
预投,康力,S2.5DL-H,0,BCC,无,AC220V,480*6*10*16-3AD,有,新时达,海1387,10米,,康力铭牌,D型，减震88块（赠)，提供原点值。带M24*130组合螺栓提供原点值。贴上下行标签,2015/1/1,AC380V,银灰,DZE-14EB2,,蓝光标准包装箱,10027323-10~220,,华东2,低,N,N
YE150119P,江苏伯爵,TA1.0C-H,0,MC,无,DC110V,400*5*10*16,无,新时达,海1387,8米,,蓝光铭牌 ,D型,2015/1/1,AC380V,海蓝环保水性自干漆,WYT-TA.3(10簧）,,蓝光标准包装箱,A14-Kn-0016,,华东1,低,N,N
YE150116D,奥瑞斯电梯,TA1.0C-H,0,MC,无,DC110V,400*5*10*16,有,默纳克,海1387,7米,,蓝光铭牌 ,D型,2015/1/1,AC380V,海蓝环保水性自干漆,WYT-TA.3(10簧）,,蓝光标准包装箱,A14-K-0099,,华东1,低,N,N
SSEC201501(2015010013-0014),苏州铃木,TA1.75C-H,0,MC,无,DC110V,400*5*10*16,有,默纳克,海1387,,,苏州铃木铭牌（SSEC版本）,不带电缆线,2015/1/1,AC380V,电机灰,WYT-TA.3(10簧）,,特殊包装箱,2014122618-2619,,华东2,低,N,N
YS150119H,广东朗格斯,TA2.0D-H,0,MC,无,DC110V,400*5*10*16,有,蓝光一体化,海1387,7米,,蓝光铭牌，铭牌载重2000KG，速度1.0M/S，曳引比4：1,D型,2015/1/1,AC380V,海蓝环保水性自干漆,WYT-TA.3(10簧）,,蓝光标准包装箱,K201501003,,华南,低,N,N
YM150113A,杭州新马,曳引轮,0,,无,,400*4*10*16,无,,,,,,WYT-S-3D，2.2版，木箱包装，出厂编码07L0852,2015/1/1,AC380V,海蓝环保水性自干漆,,,蓝光标准包装箱,,,华东1,低,N,N
YE150119B,浙江怡达,TA1.5D-H,0,MC,无,DC110V,400*5*10*16,有,默纳克,海1387,8米,,怡达快速铭牌检验报告,D型，要原点值，怡达包装箱和装箱清单，带两张合格证，一张怡达合格证，一张蓝光 ,2015/1/1,AC380V,海蓝环保水性自干漆,WYT-TA.3(10簧）,,特殊包装箱,C09043.5-6/P-201501587,,华东1,低,N,N
89352,珠江中富,TA1.6D-H,0,MC,无,DC110V,400*5*10*16,无,默纳克,海1387,7米配,,蓝光铭牌，,D型 ,2015/1/1,AC380V,海蓝环保水性自干漆,WYT-TA.3(10簧）,,蓝光标准包装箱,,,华南,低,N,N
FJ-70000,山东富士,U2.5ES-H,0,MM,无,DC220V,480*7*12*18,有,默纳克,海1387,10米配,,蓝光铭牌,D型,2015/1/1,AC380V,海蓝环保水性自干漆,WYT-U.3(2T以下）,,蓝光标准包装箱,,,北方,低,N,N
YM150116A,金华市盛帝斯电梯有限公司,Y4.0E3-H,0,DWW,无, DC110V,480*7*12*18-3D,有,蒙德,海1387,7米,,蓝光铭牌，铭牌载重3000KG，速度1.75M/S，曳引比4：1,,2015/1/1,AC380V,海蓝环保水性自干漆,DZE-16E3B2A,,蓝光标准包装箱,,,华东2,低,N,N
YE2015-01037-01038,恒达富士,TA1.0B-H,0,MC,无,DC110V,400*4*10*16,有,富士,海1387,7米,,恒达富士英文铭牌MP-118A,D型,2015/1/1,AC380V,海蓝环保水性自干漆,WYT-TA.3A(10簧）,,蓝光标准包装箱,2015-01037-01038出口,,华东1,低,N,N
YN150116A,吉林瀚翔,DZE-14EB2S,0,,无,AC220V,,无,,,,,,木箱包装，上出线,2015/1/1,AC380V,海蓝环保水性自干漆,DZE-14EB2,,蓝光标准包装箱,,,北方,低,N,N
PO01501160063.6,广州广日,TA1.0C-H,0,MC,无,DC110V,V400*5*8*14-2M,无,新时达,海1387,7米,,广日铭牌，作业号：16818488D 载重打印825KG,D型，提供原点值，β85 γ50 V型，防护罩用WYT-TA.6B,2015/1/1,AC380V,豆绿色,WYT-TA.3(10簧）,,蓝光标准包装箱,,,华南,低,N,N
YM150115I,西威电梯江苏有限公司,TA1.0D-H,0,MC,无,DC110V,400*5*10*16,无,默纳克,海1387,10米,,蓝光铭牌,D型,2015/1/1,AC380V,海蓝环保水性自干漆,WYT-TA.3(10簧）,,蓝光标准包装箱,,,华东2,低,N,N
YE150115B,苏州立达中远（南浔）,U1.0ES-H,0,MM,无,DC110V,480*7*12*18,无,默纳克,海1387,8米,,蓝光铭牌,D型,2015/1/1,AC380V,海蓝环保水性自干漆,WYT-U.3(2T以下）,,蓝光标准包装箱,201501024,,华东1,低,N,N
YS150114F,广东联合通用,TA1.0C-H,0,MC,无,DC110V,V400*5*10*16,有,新时达,海1387,7米,,蓝光铭牌,D型，β105 γ40 ,2015/1/1,AC380V,中酞兰,WYT-TA.3(10簧）,,蓝光标准包装箱,,,华南,低,N,N
YE150116A,沃克斯电梯（上海腾能）,Y1.0F2-H,0,EWW,无,DC110V,480*12*12*15-3F(C),有,新时达,海1387,9米,,蓝光铭牌检验报告,D型，沃克斯包装箱,2015/1/1,AC380V,海蓝环保水性自干漆,DZE-16E3B2A,,特殊包装箱,V14NA998(POORD002166),,华东1,低,N,N
YE150115H,沃克斯电梯（上海腾能）,Y1.6F2-H,0,EWW,无,DC110V,480*12*12*15-3F(C),有,新时达,海1387,9米,,蓝光铭牌，铭牌打1.5m/s                 检验报告,D型，沃克斯包装箱,2015/1/1,AC380V,海蓝环保水性自干漆,DZE-16E3B2A,,特殊包装箱,V14NA996-A997(POORD002166),,华东1,低,N,N
YE150115C,浙江南奥,TA1.0D-H,0,MC,无,DC110V,400*5*10*16,有,蓝光一体化,海1387,7米,,蓝光铭牌,D型  ,2015/1/1,AC380V,海蓝环保水性自干漆,WYT-TA.3(10簧）,,蓝光标准包装箱,NA14-K-15802,,华东1,低,N,N
YE150115B,浙江南奥,TA1.6C-H,0,MC,无,DC110V,400*5*10*16,有,默纳克,海1387,7米,,蓝光铭牌,D型  ,2015/1/1,AC380V,海蓝环保水性自干漆,WYT-TA.3(10簧）,,蓝光标准包装箱,NA15-K-10301,,华东1,低,N,N
YS150116B,湖北正野,TA1.75C-H,0,MC,无,DC110V,400*5*10*16,有,新时达,海1387,10米,,蓝光铭牌,D型,2015/1/1,AC380V,海蓝环保水性自干漆,WYT-TA.3(10簧）,,蓝光标准包装箱,新天地12-144-145,,华南,低,N,N
200049798-00171154,东莞快意,Y1.0F3-H,0,DNN,无,DC110V,480*7*12*18-3M,有,CTRL90,海1387,10米,,"DOVER英文铭牌,主机型号打印为SC80L,载重打印2050kg","V型槽，β=103，γ=50，全英文资料，防护罩防护罩WYT-Y2D-FHZ.4，右置，包角＞145°NSK轴承,DOVER包装箱",2015/1/1,AC380V,海蓝环保水性自干漆,DZE-16E3B2A,,蓝光标准包装箱,,,华南,低,N,N
YS150114J,长沙能达电梯,S1.75C-N,0,BCC,无,AC220V,400*5*10*16,有,富士,多8192,7米,,蓝光铭牌,,2015/1/1,AC380V,海蓝环保水性自干漆,DZE-14EB2,,蓝光标准包装箱,,,华南,低,N,N
YS150114H,广东联合富士,TA1.0B-H,0,MC,无,DC110V,400*4*10*16,有,默纳克,海1387,7米,,蓝光铭牌,D型,2015/1/1,AC380V,海蓝环保水性自干漆,WYT-TA.3A(10簧）,,蓝光标准包装箱,502008,,华南,低,N,N
YS150115A,广东亚太西奥,TA1.75C-H,0,MC,无,DC110V,400*5*10*16,有,默纳克,海1387,7米,,广东亚太西奥铭牌,D型,2015/1/1,AC380V,海蓝环保水性自干漆,WYT-TA.3(10簧）,,蓝光标准包装箱,XAK20150108-6,,华南,低,N,N
GLR201501150004（G14NC073）,苏州歌拉瑞,U0.5FS-H,0,MM,无,DC110V,480*6*12*18,无,默纳克,海1387,9米,,蓝光铭牌,D型，歌拉瑞包装壁挂器无厂址,2015/1/1,AC380V,煤灰色红色接线盒,WYT-U.3(2T）,,特殊包装箱,,,华东1,低,N,N
YM150115C,浙江飞亚,TA1.0C-H,0,MC,无, DC110V,400*5*10*16,有,蓝光一体化,海1387,7米,,蓝光铭牌,D型,2015/1/1,AC380V,海蓝环保水性自干漆,WYT-TA.3(10簧）,,蓝光标准包装箱,金典,,华东1,低,N,N
YM150115B,浙江飞亚,TA1.0D-H,0,MC,无, DC110V,400*5*10*16,有,蓝光一体化,海1387,7米,,蓝光铭牌,D型,2015/1/1,AC380V,海蓝环保水性自干漆,WYT-TA.3(10簧）,,蓝光标准包装箱,义乌福奥,,华东1,低,N,N
YE150115L,浙江怡达,TA2.0D-H,0,MC,无,DC110V,400*6*10*16-3G,有,默纳克,海1387,8米,,蓝光铭牌检验报告,D型，要原点值  ,2015/1/1,AC380V,海蓝环保水性自干漆,WYT-TA.3(10簧）,,蓝光标准包装箱,B04015.21-26/P-201501519,,华东1,低,N,N
YE2015-01044-01045,恒达富士,TA1.0D-H,0,MC,无,DC110V,400*5*10*16,有,富士,海1387,7米,, 蓝光铭牌 ,D型,2015/1/1,AC380V,海蓝环保水性自干漆,WYT-TA.3(10簧）,,蓝光标准包装箱,2015-01044-01045,,华东1,低,N,N
YE2015-01033,恒达富士,TA1.5D-H,0,MC,无,DC110V,400*5*10*16,有,富士,海1387,7米,, 蓝光英文铭牌 ,D型,2015/1/1,AC380V,海蓝环保水性自干漆,WYT-TA.3(10簧）,,蓝光标准包装箱,2015-01033出口,,华东1,低,N,N
YM150114A,苏州迅电,U2.0ES-H,0,MM,无,DC110V,480*7*12*18,无,默纳克,海1387,8米,,蓝光铭牌,D型,2015/1/1,AC380V,海蓝环保水性自干漆,WYT-U.3(2T以下）,,蓝光标准包装箱,,,华东2,低,N,N
YS150109B,广东皇朝富士,TA1.5D-H,0,MC,无,DC110V,400*5*10*16,有,新时达,海1387,7米,,蓝光铭牌,D型,2015/1/1,AC380V,海蓝环保水性自干漆,WYT-TA.3(10簧）,,蓝光标准包装箱,K150104-2,,华南,低,N,N
YE150114D,苏州立达中远（南浔）,U1.5ES-H,0,MM,无,DC110V,480*7*12*18,无,默纳克,海1387,8米,,蓝光铭牌,D型,2015/1/1,AC380V,海蓝环保水性自干漆,WYT-U.3(2T以下）,,蓝光标准包装箱,201501019,,华东1,低,N,N
YS150113I,广东联合富士,TA1.75D-H,0,MC,无,DC110V,400*5*10*16,有,默纳克,海1387,7米,,蓝光铭牌,D型,2015/1/1,AC380V,海蓝环保水性自干漆,WYT-TA.3(10簧）,,蓝光标准包装箱,402270,,华南,低,N,N
YS150113H,广东亚太西奥,S1.75D-H,0,BCC,无,DC110V,400*5*10*16,有,默纳克,海1387,7米,,广东亚太西奥铭牌,D型,2015/1/1,AC380V,海蓝环保水性自干漆,DZE-14EA,,蓝光标准包装箱,XAK20150108-1-4,,华南,低,N,N
YE150114F,浙江南奥,TA1.0C-H,0,MC,无,DC110V,400*5*10*16,有,蓝光一体化,海1387,7米,,蓝光铭牌,D型  ,2015/1/1,AC380V,海蓝环保水性自干漆,WYT-TA.3(10簧）,,蓝光标准包装箱,NA14-K-10302,,华东1,低,N,N
15Z0051-0055,广州永日,TC2.0DL-H,0,,无,DC110V,480*6*10*16-2D,有,富士,海1387,,,"蓝光铭牌，铭牌打印为载重1050KG,功率14KW",不带电缆,2015/1/1,AC380V,中酞兰,WYT-TA.3(10簧）,,蓝光标准包装箱,,,华南,低,N,N
711211,珠江中富,TA1.6B-H,0,MC,无,DC110V,400*4*10*16,有,默纳克,海1387,7米配,,蓝光铭牌,D型,2015/1/1,AC380V,海蓝环保水性自干漆,WYT-TA.3A(10簧）,,蓝光标准包装箱,,,华南,低,N,N
YAIJ201501-14,山东莱茵艾佳,U1.0ES-H,0,MM,无,DC110V,480*7*12*18,无,默纳克,海1387,10米,,蓝光铭牌,D型,2015/1/1,AC380V,海蓝环保水性自干漆,WYT-U.3(2T以下）,,蓝光标准包装箱,,,北方,低,N,N
XDL153737,连云港西德电梯有限公司(江苏西继),TA1.5B-H,0,MC,无,DC110V,400*4*10*16,有,CV,海1387,10米配,,主机用西德中文铭牌，制动器和上行超速铭牌用蓝光中文SM-T,西门子LOGO包装箱,2015/1/1,AC380V,电机灰,WYT-TA.3A(10簧）,,特殊包装箱,,,华东2,低,N,N
XDL145596-145597-1,连云港西德电梯有限公司(江苏西继),U1.75DS-H,0,MM,无,DC110V,480*7*10*16-2D,有,施耐德,海1387,10米配,,主机用西德中文铭牌，制动器和上行超速铭牌用蓝光中文SM-U,西门子LOGO包装箱,2015/1/1,AC380V,电机灰,WYT-U.3(2T以下）,,特殊包装箱,,,华东2,低,N,N
YE150112M,德森克,TA1.0D-H,0,MC,无,DC110V,400*5*10*16,有,默纳克,海1387,7米,,蓝光铭牌,D型 ,2015/1/1,AC380V,海蓝环保水性自干漆,WYT-TA.3(10簧）,,蓝光标准包装箱,D2203,,华东1,低,N,N
YS150112A,广东朗格斯,TA1.0B-H,0,MC,无,DC110V,400*4*10*16,有,默纳克,海1387,7米,,蓝光铭牌,D型,2015/1/1,AC380V,海蓝环保水性自干漆,WYT-TA.3A(10簧）,,蓝光标准包装箱,K201412028,,华南,低,N,N
YS150112C,广东亚太西奥,S1.6D-N,0,BCC,无,AC220V,400*5*10*16,有,富士,多8192,7米,,蓝光铭牌,,2015/1/1,AC380V,海蓝环保水性自干漆,DZE-14EB2,,蓝光标准包装箱,XAK20150109-1,,华南,低,N,N
PO01501100004.2,广州广日,曳引轮,0,,无,,V400*5*10*16,无,,,,,,WYT-S-3F1，2.1版本，用于S1.75C，木箱包装,2015/1/1,AC380V,海蓝环保水性自干漆,,,蓝光标准包装箱,,,华南,低,N,N
15Z0025-31,广州永日,S2.0DL-H,0,BCN,无,AC220V,480*6*10*16-3AI,有,富士,海1387,,,"蓝光铭牌，铭牌打印为载重1050KG,功率14.1KW.",不带电缆,2015/1/1,AC380V,中酞兰,DZE-14EB2,,蓝光标准包装箱,,,华南,低,N,N
YE150112R,浙江怡达,TA1.0A-H,0,MC,无,DC110V,400*4*10*16,有,富士,海1387,8米,,"蓝光英文铭牌 ,载重打400KG检验报告",D型，要原点值，出口免熏蒸包装  BG04鲜绿色,2015/1/1,AC380V,BG04鲜绿色,WYT-TA.3A(10簧）,,出口免熏蒸包装,SEEIB2015919/P-201501386,,华东1,低,N,N
4500666185,康力,曳引轮,0,,无,,480*10*12.4*15-3F(T),无,,,,,,WYT-Y2D-3F(T)木箱包装，出厂编号1276204EWW ,2015/1/1,AC380V,海蓝环保水性自干漆,,,蓝光标准包装箱,55024122/20,,华东2,低,N,N
YM150109E,苏州富士制御电梯,TA2.0D-H,0,MC,无,DC110V,400*5*10*16,无,新时达,海1387,7米,,蓝光英文铭牌,D型.合格证和随机资料不放在箱子里单独邮给客户,2015/1/1,AC380V,海蓝环保水性自干漆,WYT-TA.3(10簧）,,蓝光标准包装箱,,,华东2,低,N,N
YM150106E,苏州迅电,TA1.0E-H,0,MC,无,DC110V,400*5*10*16,无,默纳克,海1387,8米,,苏州铃木铭牌（SSEC版本）。,D型,2015/1/1,AC380V,海蓝环保水性自干漆,WYT-TA.3(12簧）,,蓝光标准包装箱,,,华东2,低,N,N
YM150108A,浙江富控,TA1.75D-H,0,MC,无,DC110V,400*5*10*16,有,默纳克,海1387,7米,,蓝光铭牌 ,D型，要原点值,2015/1/1,AC380V,海蓝环保水性自干漆,WYT-TA.3(10簧）,,蓝光标准包装箱,F40037T01-T04澄碧花园第一批,,华东1,低,N,N
YE150109K,浙江怡达,U1.75FS-H,0,MM,无,DC110V,480*6*12*18,有,富士,海1387,8米,,蓝光英文铭牌检验报告,D型，要原点值，U出口主机包装箱,2015/1/1,AC380V,海蓝环保水性自干漆,WYT-U.3(2T）,,蓝光标准包装箱,D11CB113.1-2/P-201501294,,华东1,低,N,N
CQT201501-24-25,山东百斯特,U1.0ES-H,0,MM,无,DC110V,480*7*12*18,无,默纳克,海1387,10米,,蓝光铭牌,D型,2015/1/1,AC380V,海蓝环保水性自干漆,WYT-U.3(2T以下）,,特殊包装箱,,,北方,低,N,N
YS150108B,惠州通力,TA1.75D-H,0,MC,无,DC110V,400*5*10*16,有,默纳克,海1387,7米,,蓝光铭牌,D型,2015/1/1,AC380V,海蓝环保水性自干漆,WYT-TA.3(10簧）,,蓝光标准包装箱,,,华南,低,N,N
XDL153672,连云港西德电梯有限公司(江苏西继),S1.0C-H,0,BCC,无,AC220V,400*5*10*16,无,CV,海1387,10米配,5米,主机用西德中文铭牌，制动器和上行超速铭牌用蓝光中文 sm-s,西门子LOGO包装箱,2015/1/1,AC380V,电机灰,DZE-14EB2,,出口免熏蒸包装,,,华东2,低,N,N
XDL153673,连云港西德电梯有限公司(江苏西继),S1.5D-H,0,BCC,无,AC220V,400*5*10*16,无,CV,海1387,10米配,5米,主机用西德中文铭牌，制动器和上行超速铭牌用蓝光中文  sm-s,西门子LOGO包装箱,2015/1/1,AC380V,电机灰,DZE-14EB2,,出口免熏蒸包装,,,华东2,低,N,N
YM150109B,杭州奥立达,TA1.5E-H,0,MC,无,DC110V,400*5*10*16,有,默纳克,海1387,7米,,奥立达铭牌1.1版本ALDWYT-T,D型，型号WYT前加大写ALD 奥立达包装箱,2015/1/1,AC380V,海蓝环保水性自干漆,WYT-TA.3(12簧）,,蓝光标准包装箱,2014-K-3970/3969/3966/3965,,华东1,低,N,N
YE150109G,沃克斯电梯（上海腾能）,TA0.5C-H,0,MC,无,DC110V,400*4*10*16,有,新时达,海1387,9米,,沃克斯铭牌MP-93检验报告,D型，沃克斯包装箱,2015/1/1,AC380V,海蓝环保水性自干漆,WYT-TA.3(10簧）,,特殊包装箱,V14NA347(POORD02121),,华东1,低,N,N
YE150109J,沃克斯电梯（上海腾能）,TA2.0D-H,0,MC,无,DC110V,400*5*10*16,有,新时达,海1387,9米,,蓝光铭牌检验报告,D型，沃克斯包装箱,2015/1/1,AC380V,海蓝环保水性自干漆,WYT-TA.3(10簧）,,特殊包装箱,V12N0761-0762，0764-0765(WKS20150109055),,华东1,低,N,N
PO01501090043.7,广州广日,Y1.75BC-N,0,CNN,无,DC110V,410*6*10*16-3E,有,华为,多8192,7米,,广日铭牌，作业号：16806636F,提供原点值 ,2015/1/1,AC380V,豆绿色,DZE-16E3B2A,,蓝光标准包装箱,,,华南,低,N,N
SYLG150109A,韩国富士,T1.0BM-H,0,MC,无,DC110V,325*5*8*12,有,富士,海1387,10米,,"韩国富士铭牌,需要贴韩国富士专用KTL贴（TA1.0B的）","出口包装箱（2层），减震垫10块（赠,WYT-TAM-5），机座外型特殊，韩国富士用图纸,另每台带4个M16*45螺栓,预先接上编码器电缆",2015/1/1,AC380V,海蓝环保水性自干漆,WYT-TAM.3,,出口2层包装箱,,,国际,低,N,N
YE150109F,浙江怡达,U1.0DS-H,0,MM,无,DC110V,480*6*12*18,有,默纳克,海1387,8米,,怡达快速铭牌，铭牌载重1250KG检验报告,D型，要原点值，怡达包装箱和装箱清单，带两张合格证，一张怡达合格证，一张蓝光 ,2015/1/1,AC380V,海蓝环保水性自干漆,WYT-U.3(2T以下）,,特殊包装箱,D120048/P150109135,,华东1,低,N,N
CQT201501-22,山东百斯特,TA1.0C-H,0,MC,无,DC110V,400*5*10*16,有,默纳克,海1387,10米,,蓝光铭牌,D型,2015/1/1,AC380V,海蓝环保水性自干漆,WYT-TA.3(10簧）,,特殊包装箱,,,北方,低,N,N
YM150107F,成都兴世纪,DZE-14EA,0,,无,DC110V,,无,,,,,,木箱包装，出厂编号：07HJJ6799,2015/1/1,AC380V,海蓝环保水性自干漆,,,蓝光标准包装箱,,,华东2,低,N,N
N15-0005,天津奥富特,TA1.0C-H,0,MC,无,DC220V,400*5*10*16,有,蓝光一体化,海1387,10米,,蓝光铭牌,D型,2015/1/1,AC380V,海蓝环保水性自干漆,WYT-TA.3(10簧）,,蓝光标准包装箱,,,北方,低,N,N
YE150108G,江苏伯爵,TA1.5C-H,0,MC,无,DC110V,400*5*10*16,有,新时达,海1387,8米,,蓝光铭牌 ,D型,2015/1/1,AC380V,海蓝环保水性自干漆,WYT-TA.3(10簧）,,蓝光标准包装箱,A14-K-0005/0006,,华东1,低,N,N
YN141217B,奥利夫,TA1.0C-H,0,MC,无,DC220V,400*5*10*16,有,蓝光一体化,海1387,10米,,蓝光铭牌,D型,2015/1/1,AC380V,海蓝环保水性自干漆,WYT-TA.3(10簧）,,蓝光标准包装箱,,,北方,低,N,N
YM141223G,辽宁富士(安徽）,S1.0C-H,0,BCC,无,AC220V,400*5*10*16,无,蓝光一体化,海1387,8米,4米,蓝光铭牌,D型,2015/1/1,AC380V,电机灰,DZE-14EB2,,蓝光标准包装箱,,,华东2,低,N,N
YM150108C,四川科莱,S1.0D-H,0,BCC,无,AC220V,400*5*10*16,无,CV,海1387,8米配,5米,蓝光铭牌,,2015/1/1,AC380V,海蓝环保水性自干漆,DZE-14EB2,,蓝光标准包装箱,,,华东2,低,N,N
YM150106J,四川科莱,TA1.75D-H,0,MC,无,DC220V,400*5*10*16,有,CV,海1387,8米配,,蓝光铭牌,,2015/1/1,AC380V,海蓝环保水性自干漆,WYT-TA.3(10簧）,,蓝光标准包装箱,,,华东2,低,N,N
YM150107G,苏州富士制御电梯,TA1.0C-H,0,MC,无,DC110V,400*5*10*16,有,新时达,海1387,7米,,蓝光铭牌,D型，合格证和随机资料不放在箱子里单独邮给客户,2015/1/1,AC380V,海蓝环保水性自干漆,WYT-TA.3(10簧）,,蓝光标准包装箱,,,华东2,低,N,N
YM150107H,苏州富士制御电梯,TA1.5C-H,0,MC,无,DC110V,400*5*10*16,有,新时达,海1387,7米,,蓝光铭牌,D型，合格证和随机资料不放在箱子里单独邮给客户,2015/1/1,AC380V,海蓝环保水性自干漆,WYT-TA.3(10簧）,,蓝光标准包装箱,,,华东2,低,N,N
YM150106D,苏州富士制御电梯,TA1.75C-H,0,MC,无,DC110V,400*5*10*16,有,新时达,海1387,7米,,蓝光铭牌,D型，合格证和随机资料不放在箱子里单独邮给客户,2015/1/1,AC380V,海蓝环保水性自干漆,WYT-TA.3(10簧）,,蓝光标准包装箱,,,华东2,低,N,N
YE150106L,德森克,TA2.0C-H,0,MC,无,DC110V,400*5*10*16,有,默纳克,海1387,7米,,蓝光铭牌,D型 ,2015/1/1,AC380V,海蓝环保水性自干漆,WYT-TA.3(10簧）,,蓝光标准包装箱,D2182,,华东1,低,N,N
YE150106M,德森克,TA2.0D-H,0,MC,无,DC110V,400*5*10*16,有,默纳克,海1387,7米,,蓝光铭牌,D型 ,2015/1/1,AC380V,海蓝环保水性自干漆,WYT-TA.3(10簧）,,蓝光标准包装箱,D2183,,华东1,低,N,N
YE150107E,东奥克虏伯,TA1.0C-H,0,MC,无,DC110V,400*5*10*16,无,蓝光一体化,海1387,8米,,蓝光铭牌,D型,2015/1/1,AC380V,海蓝环保水性自干漆,WYT-TA.3(10簧）,,蓝光标准包装箱,20141222-2,,华东1,低,N,N
YE150107A,松日电梯,TA1.0C-H,0,MC,无,DC110V,400*5*10*16,有,默纳克,海1387,7米,,松日铭牌MP-117,D型,2015/1/1,AC380V,海蓝环保水性自干漆,WYT-TA.3(10簧）,,蓝光标准包装箱,,,华东1,低,N,N
YS150107B,东莞三洋,S1.75D-H,0,BCC,无,AC220V,400*5*10*16,有,新时达,海1387,7米,,东莞三洋监制铭牌,D型,2015/1/1,AC380V,海蓝环保水性自干漆,DZE-14EB2,,蓝光标准包装箱,A.2010.10.042补,,华南,低,N,N
YS150107C,东莞三洋,TA1.5C-H,0,MC,无,DC110V,400*5*10*16,有,默纳克,海1387,7米,,东莞三洋监制铭牌,D型,2015/1/1,AC380V,海蓝环保水性自干漆,WYT-TA.3(10簧）,,蓝光标准包装箱,A.2015.01.002-004,,华南,低,N,N
YS150107J,东莞三洋,TA1.75D-H,0,MC,无,DC110V,400*5*10*16,有,默纳克,海1387,7米,,东莞三洋监制铭牌,D型,2015/1/1,AC380V,海蓝环保水性自干漆,WYT-TA.3(10簧）,,蓝光标准包装箱,东莞科迈电梯,,华南,低,N,N
YS150107K,东莞三洋,U1.75ES-H,0,MM,无,DC110V,480*7*12*18,有,默纳克,海1387,7米,,东莞三洋监制铭牌,D型,2015/1/1,AC380V,海蓝环保水性自干漆,WYT-U.3(2T以下）,,蓝光标准包装箱,东莞科迈电梯,,华南,低,N,N
YM150106K,许昌富士通电梯有限公司(许昌德瑞电梯有限公司),TA1.75D-H,0,MC,无,DC110V,400*5*10*16,有,默纳克,海1387,8米,,蓝光铭牌,D型，减震2套（赠，减震组合螺栓型号为：M16*40）,2015/1/1,AC380V,海蓝环保水性自干漆,WYT-TA.3(10簧）,,蓝光标准包装箱,,,华东2,低,N,N
YM150107E,中原智能,TA1.0D-H,0,MC,无,DC110V,400*5*10*16,有,默纳克,海1387,8米,,蓝光铭牌,D型,2015/1/1,AC380V,电机灰,WYT-TA.3(10簧）,,蓝光标准包装箱,,,华东2,低,N,N
YM150107I,重庆淮淳,TA1.75D-H,0,MC,无,DC220V,400*5*10*16,有,蓝光一体化,海1387,10米,,蓝光铭牌,D型，减震24块（赠),2015/1/1,AC380V,海蓝环保水性自干漆,WYT-TA.3(10簧）,,蓝光标准包装箱,,,华东2,低,N,N
YM150107C,杭州奥立达,TA1.5C-H,0,MC,无,DC110V,400*5*10*16,有,默纳克,海1387,7米,,奥立达铭牌1.1版本ALDWYT-T,D型，型号WYT前加大写ALD 奥立达包装箱,2015/1/1,AC380V,海蓝环保水性自干漆,WYT-TA.3(10簧）,,蓝光标准包装箱,2014-K-3995-3994/3994b,,华东1,低,N,N
YM150107D,杭州奥立达,TA1.75B-H,0,MC,无,DC110V,400*4*10*16,有,默纳克,海1387,7米,,奥立达铭牌1.1版本ALDWYT-T,D型，型号WYT前加大写ALD 奥立达包装箱,2015/1/1,AC380V,海蓝环保水性自干漆,WYT-TA.3A(10簧）,,蓝光标准包装箱,2014-K-0020,,华东1,低,N,N
YS150106C,广东铃木,TA1.5C-H,0,MC,无,DC110V,400*5*10*16,有,默纳克,海1387,7米,,蓝光铭牌,D型,2015/1/1,AC380V,海蓝环保水性自干漆,WYT-TA.3(10簧）,,蓝光标准包装箱,2-1412174-76,,华南,低,N,N
YS150107G,广东亚太西奥,TA1.0A-H,0,MC,无,DC110V,400*4*10*16,有,默纳克,海1387,7米,,蓝光铭牌,D型,2015/1/1,AC380V,海蓝环保水性自干漆,WYT-TA.3A(10簧）,,蓝光标准包装箱,XAK20150105-1,,华南,低,N,N
YE150108L,沃克斯电梯（上海腾能）,TA1.5D-H,0,MC,无,DC110V,400*5*10*16,有,默纳克,海1387,9米,,蓝光铭牌 载重打1050KG              检验报告,D型，沃克斯包装箱,2015/1/1,AC380V,海蓝环保水性自干漆,WYT-TA.3(10簧）,,特殊包装箱,V14N6335-6336(WKS20150108070),,华东1,低,N,N
YS150107H,广东亚太西奥,TA1.5C-H,0,MC,无,DC110V,400*5*10*16,有,默纳克,海1387,7米,,广东亚太西奥铭牌,D型,2015/1/1,AC380V,海蓝环保水性自干漆,WYT-TA.3(10簧）,,蓝光标准包装箱, XAK20141230-9,,华南,低,N,N
YS150107D,广东亚太西奥,U1.0DS-H,0,MM,无,DC110V,480*7*12*18,有,默纳克,海1387,7米,,蓝光铭牌,D型,2015/1/1,AC380V,海蓝环保水性自干漆,WYT-U.3(2T以下）,,蓝光标准包装箱,XAK20141230-5,,华南,低,N,N
YE150107F,浙江快奥,TA1.0C-H,0,MC,无,DC110V,400*5*10*16,有,默纳克,海1387,7米,,蓝光铭牌,D型 ,2015/1/1,AC380V,海蓝环保水性自干漆,WYT-TA.3(10簧）,,蓝光标准包装箱,,,华东1,低,N,N
PO01501080033.1,广州广日,Y2.5B1-N,0,CNN,无,DC110V,410*5*10*16-3E,有,华为,多8192,7米,,广日铭牌，作业号：16806636D,提供原点值 ,2015/1/1,AC380V,豆绿色,DZE-16E3B2A,,蓝光标准包装箱,,,华南,低,N,N
YS150107A,广州日创,TA1.0D-H,0,MC,无,DC110V,V400*5*10*16,有,新时达,海1387,7米,,蓝光铭牌主机铭牌随资料不安装在机器上,D型，广日豆绿色 β105 γ40 ,2015/1/1,AC380V,豆绿色,WYT-TA.3(10簧）,,蓝光标准包装箱,P000420150107,,华南,低,N,N
YS150107F,广州日创,TC1.5E-H,0,,无,DC110V,V400*5*10*16,有,新时达,海1387,7米,,蓝光铭牌主机铭牌随资料不安装在机器上,D型，广日豆绿色 β105 γ40 ,2015/1/1,AC380V,豆绿色,WYT-TA.3(12簧）,,蓝光标准包装箱,P000420150107,,华南,低,N,N
YM150108D,华东二个人,S转子组件D/CLZ,0,,无,,WYT-SB.2,有,,,,,,发组装件，木箱包装，N轴，曳引轮400*5*10*16，，代码1.13.01.111，图号WYT-S-3D(2.3/2.4版）原主机S1.75D-N 08157701XT有机房。,2015/1/1,AC380V,海蓝环保水性自干漆,,,蓝光标准包装箱,,,华东2,低,N,N
PO01501060059.1,广州广日,TA1.0D-H,0,MC,无,DC110V,V400*6*8*14-2L,无,新时达,海1387,7米,,广日铭牌，作业号：16818488G 载重打印1050KG,D型，提供原点值，β85 γ50 V型，防护罩用WYT-TA.6B,2015/1/1,AC380V,豆绿色,WYT-TA.3(10簧）,,蓝光标准包装箱,,,华南,低,N,N
PO01501060059.3,广州广日,TA2.0D-H,0,MC,无,DC110V,V400*5*10*16,有,新时达,海1387,7米,,广日铭牌，作业号：16815735J，载重打印1050KG,D型，提供原点值，β105 γ40 ,2015/1/1,AC380V,豆绿色,WYT-TA.3(10簧）,,蓝光标准包装箱,,,华南,低,N,N
YE150105C,苏州立达中远（南浔）,TA1.0D-H,0,MC,无,DC110V,400*5*10*16,有,默纳克,海1387,8米,,蓝光铭牌,D型,2015/1/1,AC380V,海蓝环保水性自干漆,WYT-TA.3(10簧）,,蓝光标准包装箱,201501010,,华东1,低,N,N
YE150105B,苏州立达中远（南浔）,TA1.5C-H,0,MC,无,DC110V,400*5*10*16,有,默纳克,海1387,8米,,蓝光铭牌,D型,2015/1/1,AC380V,海蓝环保水性自干漆,WYT-TA.3(10簧）,,蓝光标准包装箱,201501006,,华东1,低,N,N
预投1,广州永日,S1.0B-H,0,BCN,无,AC220V,400*4*10*16,有,富士,海1387,7米,,蓝光铭牌,,2015/1/1,AC380V,中酞兰,DZE-14EB2,,蓝光标准包装箱,,,华南,低,N,N
预投2,广州永日,TA1.0B-H,0,MC,无,DC110V,400*4*10*16,有,富士,海1387,7米,,蓝光铭牌,,2015/1/1,AC380V,中酞兰,WYT-TA.3A(10簧）,,蓝光标准包装箱,,,华南,低,N,N
预投3,广州永日,TA1.5B-H,0,MC,无,DC110V,400*4*10*16,有,富士,海1387,7米,,蓝光铭牌,,2015/1/1,AC380V,中酞兰,WYT-TA.3A(10簧）,,蓝光标准包装箱,,,华南,低,N,N
预投4,广州永日,TA1.75B-H,0,MC,无,DC110V,400*4*10*16,有,富士,海1387,7米,,蓝光铭牌,,2015/1/1,AC380V,中酞兰,WYT-TA.3A(10簧）,,蓝光标准包装箱,,,华南,低,N,N
14Z0203.208,广州永日,U1.0DS-H,0,MM,无,DC110V,480*6*10*16-2D,有,富士,海1387,7米,,蓝光铭牌，铭牌载重打印为1250KG,,2015/1/1,AC380V,中酞兰,WYT-U.3(2T以下）,,蓝光标准包装箱,,,华南,低,N,N
YE150106S,浙江怡达,TA1.0B-H,0,MC,无,DC110V,400*4*10*16,有,默纳克,海1387,8米,,怡达快速铭牌检验报告,D型，要原点值，怡达包装箱和装箱清单，带两张合格证，一张怡达合格证，一张蓝光 ,2015/1/1,AC380V,海蓝环保水性自干漆,WYT-TA.3A(10簧）,,特殊包装箱,D120015/P-201501231,,华东1,低,N,N
89358,珠江中富,U1.6DS-H,0,MM,无,DC110V,480*7*12*18,有,默纳克,海1387,7米配,,蓝光铭牌,D型,2015/1/1,AC380V,海蓝环保水性自干漆,WYT-U.3(2T以下）,,蓝光标准包装箱,,,华南,低,N,N
YAIJ201501-12,山东莱茵艾佳,TA1.0D-H,0,MC,无,DC220V,400*5*10*16,无,默纳克,海1387,10米,,蓝光铭牌,D型,2015/1/1,AC380V,海蓝环保水性自干漆,WYT-TA.3(10簧）,,蓝光标准包装箱,,,北方,低,N,N
YE150107B,湖州南浔宏德,TA1.0D-H,0,MC,无,DC110V,400*5*10*16,有,默纳克,海1387,8米,,蓝光铭牌,D型,2015/1/1,AC380V,海蓝环保水性自干漆,WYT-TA.3(10簧）,,蓝光标准包装箱,,,华东1,低,N,N
XDL145714,连云港西德电梯有限公司(江苏西继),S1.5C-H,0,BCC,无,AC220V,400*5*10*16,无,CV,海1387,10米配,5米,主机用西德中文铭牌，制动器和上行超速铭牌用蓝光中文SM-S,西门子LOGO包装箱,2015/1/1,AC380V,电机灰,DZE-14EB2,,出口免熏蒸包装,,,华东2,低,N,N
XDL145716-145717,连云港西德电梯有限公司(江苏西继),S1.75C-H,0,BCC,无,AC220V,400*5*10*16,有,施耐德,海1387,10米配,,主机用西德中文铭牌，制动器和上行超速铭牌用蓝光中文 SM-S,西门子LOGO包装箱,2015/1/1,AC380V,电机灰,DZE-14EB2,,出口免熏蒸包装,,,华东2,低,N,N
XDL145683-145685,连云港西德电梯有限公司(江苏西继),S2.0E-H,0,BCC,无,AC220V,340*8*8*12-3,有,CV,海1387,10米配,,主机用西德中文铭牌，制动器和上行超速铭牌用蓝光中文  SM-S,西门子LOGO包装箱,2015/1/1,AC380V,电机灰,DZE-14EB2,,出口免熏蒸包装,,,华东2,低,N,N
XDL145728,连云港西德电梯有限公司(江苏西继),TA1.0C-H,0,MC,无,DC110V,400*5*10*16,有,CV,海1387,10米配,,主机用西德中文铭牌，制动器和上行超速铭牌用蓝光中文SM-T,西门子LOGO包装箱,2015/1/1,AC380V,电机灰,WYT-TA.3(10簧）,,出口免熏蒸包装,,,华东2,低,N,N
XDL145724-145727,连云港西德电梯有限公司(江苏西继),TA1.5C-H,0,MC,无,DC110V,400*5*10*16,有,施耐德,海1387,10米配,,主机用西德中文铭牌，制动器和上行超速铭牌用蓝光中文  SM-T,西门子LOGO包装箱,2015/1/1,AC380V,电机灰,WYT-TA.3(10簧）,,出口免熏蒸包装,,,华东2,低,N,N
XDL145712,连云港西德电梯有限公司(江苏西继),TA1.5E-H,0,MC,无,DC110V,400*5*10*16,有,施耐德,海1387,10米配,,主机用西德中文铭牌，制动器和上行超速铭牌用蓝光中文，载重打：1050KG SM-T,西门子LOGO包装箱,2015/1/1,AC380V,电机灰,WYT-TA.3(12簧）,,出口免熏蒸包装,,,华东2,低,N,N
YE150105E,奥玛斯电梯（苏州）,TA1.0B-H,0,MC,无,DC110V,400*4*10*16,有,默纳克,海1387,7米,,蓝光铭牌,D型  ,2015/1/1,AC380V,海蓝环保水性自干漆,WYT-TA.3A(10簧）,,蓝光标准包装箱,20150102,,华东1,低,N,N
YE150105D,奥玛斯电梯（苏州）,TA1.0E-H,0,MC,无,DC110V,400*5*10*16,无,默纳克,海1387,7米,,蓝光铭牌,D型,2015/1/1,AC380V,海蓝环保水性自干漆,WYT-TA.3(12簧）,,蓝光标准包装箱,20150101,,华东1,低,N,N
YM150105A,西威电梯江苏有限公司,TA1.75D-H,0,MC,无,DC110V,400*5*10*16,有,新时达,海1387,9米,,江苏广日德科铭牌,D型,2015/1/1,AC380V,海蓝环保水性自干漆,WYT-TA.3(10簧）,,蓝光标准包装箱,,,华东2,低,N,N
YS150105C,广东广船,TA0.5D-H,0,MC,无,DC110V,400*5*10*16,无,默纳克,海1387,7米,,蓝光铭牌,D型,2015/1/1,AC380V,海蓝环保水性自干漆,WYT-TA.3(10簧）,,蓝光标准包装箱,14833627a L1#,,华南,低,N,N
YS150105B,广东广船,TA1.0D-H,0,MC,无,DC110V,400*5*10*16,无,默纳克,海1387,7米,,蓝光铭牌,D型,2015/1/1,AC380V,海蓝环保水性自干漆,WYT-TA.3(10簧）,,蓝光标准包装箱,14833579 L9#,,华南,低,N,N
YS150105A,广东广船,TA1.75DL-H,0,MC,无,DC110V,480*5*10*16,有,默纳克,海1387,7米,,蓝光铭牌,D型 ,2015/1/1,AC380V,海蓝环保水性自干漆,WYT-TA.3(12簧）,,蓝光标准包装箱,14833597   L1-L8,,华南,低,N,N
YM150106B,杭州奥立达,TA1.0C-H,0,MC,无,DC110V,400*5*10*16,有,默纳克,海1387,7米,,奥立达铭牌1.1版本   ALDWYT-T,D型，型号WYT前加大写ALD 奥立达包装箱,2015/1/1,AC380V,海蓝环保水性自干漆,WYT-TA.3(10簧）,,蓝光标准包装箱,2014-K-3456-3459/ 3424/3409/ 3425/ 3564/3565/ 3514,,华东1,低,N,N
YM150105B,杭州天奥电梯,S2.0D-H,0,BCC,无,DC110V,400*5*10*16,有,富士,海1387,10米,,蓝光铭牌,散头,2015/1/1,AC380V,海蓝环保水性自干漆,DZE-14EA,,蓝光标准包装箱,,,华东1,低,N,N
YE150106D,沃克斯电梯（上海腾能）,TA1.75C-H,0,MC,无,DC110V,400*4*10*16,有,默纳克,海1387,9米,,蓝光铭牌检验报告,D型，沃克斯包装箱,2015/1/1,AC380V,海蓝环保水性自干漆,WYT-TA.3(10簧）,,特殊包装箱,V14N2799-2806(WKS20150106007),,华东1,低,N,N
预投YS150106.23,广州广日,TA1.0B-H,0,MC,无,DC110V,V400*4*10*16,有,新时达,海1387,7米,,广日铭牌，作业号：16814992A,D型，提供原点值，β105 γ40 ,2015/1/1,AC380V,豆绿色,WYT-TA.3A(10簧）,,蓝光标准包装箱,,,华南,低,N,N
GLR201501050017（G14NB500）,苏州歌拉瑞,TA1.0D-H,0,MC,无,DC110V,400*5*10*16,无,默纳克,海1387,9米,,蓝光铭牌,D型，歌拉瑞包装壁挂器无厂址,2015/1/1,AC380V,煤灰色红色接线盒,WYT-TA.3(10簧）,,特殊包装箱,,,华东1,低,N,N
预投YS150106.24,广州广日,TA1.0B-H,0,MC,无,DC110V,V400*4*10*16,有,新时达,海1387,7米,,广日铭牌，作业号：16815735A,D型，提供原点值，β105 γ40 ,2015/1/1,AC380V,豆绿色,WYT-TA.3A(10簧）,,蓝光标准包装箱,,,华南,低,N,N
预投YS150106.13,广州广日,TA1.0C-H,0,MC,无,DC110V,V400*5*10*16,有,新时达,海1387,7米,,广日铭牌，作业号：16814992D,D型，提供原点值，β105 γ40 ,2015/1/1,AC380V,豆绿色,WYT-TA.3(10簧）,,蓝光标准包装箱,,,华南,低,N,N
预投YS150106.14,广州广日,TA1.0C-H,0,MC,无,DC110V,V400*5*10*16,有,新时达,海1387,7米,,广日铭牌，铭牌载重打印825KG，作业号：16815735D,D型，提供原点值，β105 γ40 ,2015/1/1,AC380V,豆绿色,WYT-TA.3(10簧）,,蓝光标准包装箱,,,华南,低,N,N
预投YS150106.15,广州广日,TA1.0D-H,0,MC,无,DC110V,V400*5*10*16,有,新时达,海1387,7米,,广日铭牌，作业号：16814992G,D型，提供原点值，β105 γ40 ,2015/1/1,AC380V,豆绿色,WYT-TA.3(10簧）,,蓝光标准包装箱,,,华南,低,N,N
GLR201501050012(G14NH037-038),苏州歌拉瑞,TA2.0D-H,0,MC,无,DC110V,400*5*10*16,有,默纳克,海1387,9米,,蓝光铭牌,D型，歌拉瑞包装壁挂器无厂址,2015/1/1,AC380V,煤灰色 红色接线盒,WYT-TA.3(10簧）,,特殊包装箱,,,华东1,低,N,N
预投YS150106.16,广州广日,TA1.0D-H,0,MC,无,DC110V,V400*5*10*16,有,新时达,海1387,7米,,广日铭牌，作业号：16815735G，载重打印1050KG,D型，提供原点值，β105 γ40 ,2015/1/1,AC380V,豆绿色,WYT-TA.3(10簧）,,蓝光标准包装箱,,,华南,低,N,N
预投YS150106.21,广州广日,TA1.75B-H,0,MC,无,DC110V,V400*4*10*16,有,新时达,海1387,7米,,"广日铭牌,作业号：16814992B",D型，提供原点值，β105 γ40 ,2015/1/1,AC380V,豆绿色,WYT-TA.3A(10簧）,,蓝光标准包装箱,,,华南,低,N,N
预投YS150106.22,广州广日,TA1.75B-H,0,MC,无,DC110V,V400*4*10*16,有,新时达,海1387,7米,,广日铭牌作业号：16815735B,D型，提供原点值，β105 γ40 ,2015/1/1,AC380V,豆绿色,WYT-TA.3A(10簧）,,蓝光标准包装箱,,,华南,低,N,N
预投YS150106.17,广州广日,TA1.75C-H,0,MC,无,DC110V,V400*5*10*16,有,新时达,海1387,7米,,广日铭牌，作业号：16814992E,D型，提供原点值，β105 γ40 ,2015/1/1,AC380V,豆绿色,WYT-TA.3(10簧）,,蓝光标准包装箱,,,华南,低,N,N
预投YS150106.18,广州广日,TA1.75C-H,0,MC,无,DC110V,V400*5*10*16,有,新时达,海1387,7米,,广日铭牌，铭牌载重打印825KG，作业号：16815735E,D型，提供原点值，β105 γ40 ,2015/1/1,AC380V,豆绿色,WYT-TA.3(10簧）,,蓝光标准包装箱,,,华南,低,N,N
预投YS150106.19,广州广日,TA1.75D-H,0,MC,无,DC110V,V400*5*10*16,有,新时达,海1387,7米,,广日铭牌，作业号：16814992H,D型，提供原点值，β105 γ40 ,2015/1/1,AC380V,豆绿色,WYT-TA.3(10簧）,,蓝光标准包装箱,,,华南,低,N,N
预投YS150106.20,广州广日,TA1.75D-H,0,MC,无,DC110V,V400*5*10*16,有,新时达,海1387,7米,,广日铭牌，铭牌载重打印1050K，作业号：16815735H,D型，提供原点值，β105 γ40 ,2015/1/1,AC380V,豆绿色,WYT-TA.3(10簧）,,蓝光标准包装箱,,,华南,低,N,N
YE150105N,浙江快客,TA1.0D-H,0,MC,无,DC110V,400*5*10*16,有,默纳克,海1387,7米,,蓝光铭牌,D型,2015/1/1,AC380V,海蓝环保水性自干漆,WYT-TA.3(10簧）,,蓝光标准包装箱,HT14120135(L1),,华东1,低,N,N
YE141230E,浙江南奥,TA1.0A-H,0,MC,无,DC110V,400*4*10*16,有,蓝光一体化,海1387,7米,,蓝光铭牌,D型  ,2015/1/1,AC380V,海蓝环保水性自干漆,WYT-TA.3A(10簧）,,蓝光标准包装箱,NA14-K-C5814,,华东1,低,N,N
YE141230F,浙江南奥,TA1.0B-H,0,MC,无,DC110V,400*4*10*16,有,蓝光一体化,海1387,7米,,蓝光铭牌,D型,2015/1/1,AC380V,海蓝环保水性自干漆,WYT-TA.3A(10簧）,,蓝光标准包装箱,NA14-K-C5815,,华东1,低,N,N
YE150105H,浙江怡达,S1.0D-H,0,BCC,无,AC220V,400*5*10*16,有,默纳克,海1387,8米,,怡达快速铭牌检验报告,D型，要原点值，怡达包装箱和装箱清单，带两张合格证，一张怡达合格证，一张蓝光 ,2015/1/1,AC380V,海蓝环保水性自干漆,DZE-14EB2,,特殊包装箱,D100038/P-201501136,,华东1,低,N,N
YE150105G,浙江怡达,TA1.0D-H,0,MC,无,DC110V,400*5*10*16,有,默纳克,海1387,8米,,蓝光铭牌                   检验报告,D型，要原点值  ,2015/1/1,AC380V,海蓝环保水性自干漆,WYT-TA.3(10簧）,,蓝光标准包装箱,D120116/P-201501136,,华东1,低,N,N
14Z5292,广州永日,U1.0ES-H,0,MM,无,DC110V,480*6*12*18,有,富士,海1387,,,蓝光铭牌,不带电缆,2015/1/1,AC380V,中酞兰,WYT-U.3(2T以下）,,蓝光标准包装箱,,,华南,低,N,N
预投YS150106.1,广州永日,S1.0C-H,0,BCN,无,AC220V,400*5*10*16,有,富士,海1387,,,"蓝光铭牌，铭牌打印为载重825KG,功率5.7KW，",不带电缆,2015/1/1,AC380V,中酞兰,DZE-14EB2,,蓝光标准包装箱,,,华南,低,N,N
YE150105J,浙江怡达,TA1.0E-H,0,MC,无,DC110V,400*5*10*16,无,默纳克,海1387,8米,,蓝光英文铭牌检验报告,D型，要原点值，出口免熏蒸包装,2015/1/1,AC380V,海蓝环保水性自干漆,WYT-TA.3(12簧）,,出口免熏蒸包装,D12SYS06/P-201501136,,华东1,低,N,N
预投YS150106.4,广州永日,S1.0D-H,0,BCN,无,AC220V,400*5*10*16,有,富士,海1387,,,"蓝光铭牌，铭牌打印为载重1050KG,功率7KW.",不带电缆,2015/1/1,AC380V,中酞兰,DZE-14EB2,,蓝光标准包装箱,,,华南,低,N,N
预投YS150106.2,广州永日,S1.5C-H,0,BCN,无,AC220V,400*5*10*16,有,富士,海1387,,,"蓝光铭牌，铭牌打印为载重825KG,功率8.5KW，",不带电缆,2015/1/1,AC380V,中酞兰,DZE-14EB2,,蓝光标准包装箱,,,华南,低,N,N
预投YS150106.5,广州永日,S1.5D-H,0,BCN,无,AC220V,400*5*10*16,有,富士,海1387,,,"蓝光铭牌，铭牌打印为载重1050KG,功率10.6KW.",不带电缆,2015/1/1,AC380V,中酞兰,DZE-14EB2,,蓝光标准包装箱,,,华南,低,N,N
预投YS150106.3,广州永日,S1.75C-H,0,BCN,无,AC220V,400*5*10*16,有,富士,海1387,,,"蓝光铭牌，铭牌打印为载重825KG,功率10KW，",不带电缆,2015/1/1,AC380V,中酞兰,DZE-14EB2,,蓝光标准包装箱,,,华南,低,N,N
预投YS150106.6,广州永日,S1.75D-H,0,BCN,无,AC220V,400*5*10*16,有,富士,海1387,,,"蓝光铭牌，铭牌打印为载重1050KG,功率12.3KW.",不带电缆,2015/1/1,AC380V,中酞兰,DZE-14EB2,,蓝光标准包装箱,,,华南,低,N,N
预投YS150106.7,广州永日,TA1.0C-H,0,MC,无,DC110V,400*5*10*16,有,富士,海1387,,,"蓝光铭牌，铭牌打印为载重825KG,功率5.7KW，",不带电缆,2015/1/1,AC380V,中酞兰,WYT-TA.3(10簧）,,蓝光标准包装箱,,,华南,低,N,N
预投YS150106.10,广州永日,TA1.0D-H,0,MC,无,DC110V,400*5*10*16,有,富士,海1387,,,"蓝光铭牌，铭牌打印为载重1050KG,功率7KW.",不带电缆,2015/1/1,AC380V,中酞兰,WYT-TA.3(10簧）,,蓝光标准包装箱,,,华南,低,N,N
预投YS150106.8,广州永日,TA1.5C-H,0,MC,无,DC110V,400*5*10*16,有,富士,海1387,,,"蓝光铭牌，铭牌打印为载重825KG,功率8.5KW，",不带电缆,2015/1/1,AC380V,中酞兰,WYT-TA.3(10簧）,,蓝光标准包装箱,,,华南,低,N,N
预投YS150106.11,广州永日,TA1.5D-H,0,MC,无,DC110V,400*5*10*16,有,富士,海1387,,,"蓝光铭牌，铭牌打印为载重1050KG,功率10.6KW.",不带电缆,2015/1/1,AC380V,中酞兰,WYT-TA.3(10簧）,,蓝光标准包装箱,,,华南,低,N,N
预投YS150106.9,广州永日,TA1.75C-H,0,MC,无,DC110V,400*5*10*16,有,富士,海1387,,,"蓝光铭牌，铭牌打印为载重825KG,功率10KW，",不带电缆,2015/1/1,AC380V,中酞兰,WYT-TA.3(10簧）,,蓝光标准包装箱,,,华南,低,N,N
预投YS150106.12,广州永日,TA1.75D-H,0,MC,无,DC110V,400*5*10*16,有,富士,海1387,,,"蓝光铭牌，铭牌打印为载重1050KG,功率12.3KW.",不带电缆,2015/1/1,AC380V,中酞兰,WYT-TA.3(10簧）,,蓝光标准包装箱,,,华南,低,N,N
711135,珠江中富,TA1.6C-H,0,MC,无,DC110V,400*5*10*16,有,默纳克,海1387,7米配,,蓝光铭牌,D型 ,2015/1/1,AC380V,海蓝环保水性自干漆,WYT-TA.3(10簧）,,蓝光标准包装箱,,,华南,低,N,N
预投YS150106.25,珠江中富,TA1.0B-H,0,MC,无,DC110V,400*4*10*16,有,默纳克,海1387,7米配,,蓝光铭牌,D型 ,2015/1/1,AC380V,海蓝环保水性自干漆,WYT-TA.3A(10簧）,,蓝光标准包装箱,,,华南,低,N,N
预投YS150106.26,珠江中富,TA1.0C-H,0,MC,无,DC110V,400*5*10*16,有,默纳克,海1387,7米配,,蓝光铭牌,D型 ,2015/1/1,AC380V,海蓝环保水性自干漆,WYT-TA.3(10簧）,,蓝光标准包装箱,,,华南,低,N,N
预投YS150106.27,珠江中富,TA1.0D-H,0,MC,无,DC110V,400*5*10*16,有,默纳克,海1387,7米配,,蓝光铭牌,D型 ,2015/1/1,AC380V,海蓝环保水性自干漆,WYT-TA.3(10簧）,,蓝光标准包装箱,,,华南,低,N,N
预投YS150106.30,珠江中富,TA1.6DL-H,0,MC,无,DC110V,480*5*10*16,有,默纳克,海1387,7米配,,蓝光铭牌,D型 ,2015/1/1,AC380V,海蓝环保水性自干漆,WYT-TA.3(12簧）,,蓝光标准包装箱,,,华南,低,N,N
预投YS150106.29,珠江中富,TA1.75CL-H,0,MC,无,DC110V,480*5*10*16,有,默纳克,海1387,7米配,,蓝光铭牌,D型 ,2015/1/1,AC380V,海蓝环保水性自干漆,WYT-TA.3(10簧）,,蓝光标准包装箱,,,华南,低,N,N
预投YS150106.31,珠江中富,TA1.75DL-H,0,MC,无,DC110V,480*5*10*16,有,默纳克,海1387,7米配,,蓝光铭牌,D型 ,2015/1/1,AC380V,海蓝环保水性自干漆,WYT-TA.3(12簧）,,蓝光标准包装箱,,,华南,低,N,N
YE150106A,江苏伯爵,TA1.0D-H,0,MC,无,DC110V,400*5*10*16,有,新时达,海1387,8米,,蓝光铭牌 ,D型,2015/1/1,AC380V,海蓝环保水性自干漆,WYT-TA.3(10簧）,,蓝光标准包装箱,A14-K-0001,,华东1,低,N,N
YS141231G,李程个人（广州广日）,S1.5C-N,0,BCC,无,DC110V,400*5*10*16,有,华为,多8192,7米,,蓝光铭牌,"永日蓝,发河南郑州现场",2015/1/1,AC380V,中酞兰,DZE-14EA,,蓝光标准包装箱,,,华南,低,N,N
YS141231F,李程个人（广州永日）,S1.5D-N,0,BCC,无,DC110V,400*5*10*16,有,富士,多8192,7米,,蓝光铭牌,永日蓝，多带一个D型15针插头放在随机资料里，发广西玉林现场,2015/1/1,AC380V,中酞兰,DZE-14EA,,蓝光标准包装箱,,,华南,低,N,N
SSEC02789,苏州铃木,S1.75C-H,0,BCC,无,AC220V,400*5*10*16,有,,海1387,,,苏州铃木铭牌（SSEC版本）,不带电缆线。蓝光标准颜色,2015/1/1,AC380V,海蓝环保水性自干漆,DZE-14EB2,,特殊包装箱,201006601售后服务,,华东2,低,N,N
PO01501050060.6,广州广日,TA1.75D-H,0,MC,无,DC110V,V400*6*8*14-2L,无,新时达,海1387,7米,,广日铭牌，作业号：16818488H 载重打印1050KG,D型，提供原点值，β85 γ50 V型，防护罩用WYT-TA.6B,2015/1/1,AC380V,豆绿色,WYT-TA.3(10簧）,,蓝光标准包装箱,,,华南,低,N,N
SSEC02636,苏州铃木,TA1.0C-H,0,MC,无,DC110V,400*5*10*16,有,新时达,海1387,,,苏州铃木铭牌（SSEC版本）,不带电缆线,2015/1/1,AC380V,电机灰,WYT-TA.3(10簧）,,特殊包装箱,2014122655-2658,,华东2,低,N,N
SSEC02777,苏州铃木,TA1.5D-H,0,MC,无,DC110V,400*5*10*16,有,默纳克,海1387,,,苏州铃木铭牌（SSEC版本）,不带电缆线。,2015/1/1,AC380V,电机灰,WYT-TA.3(10簧）,,特殊包装箱,20141226,,华东2,低,N,N
SSEC02718,苏州铃木,TA1.5D-H,0,MC,无,DC110V,400*5*10*16,有,默纳克,海1387,,,苏州铃木铭牌（SSEC版本）,不带电缆线。,2015/1/1,AC380V,电机灰,WYT-TA.3(10簧）,,特殊包装箱,2014122667-2674,,华东2,低,N,N
YE141231A,德森克,TA1.0B-H,0,MC,无,DC110V,400*4*10*16,无,默纳克,海1387,7米,,蓝光铭牌,D型 ,2015/1/1,AC380V,海蓝环保水性自干漆,WYT-TA.3A(10簧）,,蓝光标准包装箱,D2144,,华东1,低,N,N
PO01501050060.7,广州广日,TC1.75C-H,0,,无,DC110V,V400*5*10*16,有,新时达,海1387,7米,,广日铭牌，铭牌载重打印825KG，作业号：16812648A,D型，提供原点值，β105 γ40 ,2015/1/1,AC380V,豆绿色,WYT-TA.3(10簧）,,蓝光标准包装箱,,,华南,低,N,N
YE150101A,松日电梯,TA1.75D-H,0,MC,无,DC110V,400*5*10*16,有,默纳克,海1387,7米,,松日铭牌MP-117,D型,2015/1/1,AC380V,海蓝环保水性自干漆,WYT-TA.3(10簧）,,蓝光标准包装箱,,,华东1,低,N,N
YS141231B,佛山南海赛奇,TA1.6C-H,0,MC,无,DC110V,400*5*10*16,有,默纳克,海1387,7米,,蓝光铭牌,D型 ,2015/1/1,AC380V,海蓝环保水性自干漆,WYT-TA.3(10簧）,,蓝光标准包装箱,K0425-0426,,华南,低,N,N
YS141230A,佛山住友富士,TA1.0C-H,0,MC,无,DC110V,400*5*10*16,有,默纳克,海1387,7米,,蓝光铭牌，载重打印825KG,D型，主机颜色为黑色，代码为1.06.578,2015/1/1,AC380V,信号黑色,WYT-TA.3(10簧）,,蓝光标准包装箱,1412092,,华南,低,N,N
YS141230B,佛山住友富士,TA1.0D-H,0,MC,无,DC110V,400*5*10*16,有,默纳克,海1387,7米,,蓝光铭牌，载重打印1050KG,D型，主机颜色为黑色，代码为1.06.578,2015/1/1,AC380V,信号黑色,WYT-TA.3(10簧）,,蓝光标准包装箱,1412093,,华南,低,N,N
YM150104C,许昌富士通电梯有限公司(许昌德瑞电梯有限公司),S1.0D-H,0,BCC,无,DC110V,400*5*10*16,无,新时达,海1387,8米,7米,蓝光铭牌,D型，减震1套（赠，减震组合螺栓型号为：M16*40）,2015/1/1,AC380V,海蓝环保水性自干漆,DZE-14EA,,蓝光标准包装箱,,,华东2,低,N,N
YM150104D,许昌富士通电梯有限公司(许昌德瑞电梯有限公司),S1.75C-H,0,BCC,无,DC110V,400*5*10*16,有,默纳克,海1387,8米,,蓝光铭牌,D型，减震3套（赠，减震组合螺栓型号为：M16*40）,2015/1/1,AC380V,海蓝环保水性自干漆,DZE-14EA,,蓝光标准包装箱,,,华东2,低,N,N
YS150104C,佛山住友富士,TA1.6C-H,0,MC,无,DC110V,400*5*10*16,有,默纳克,海1387,7米,,蓝光铭牌，载重打印825KG,D型，主机颜色为黑色，代码为1.06.578,2015/1/1,AC380V,信号黑色,WYT-TA.3(10簧）,,蓝光标准包装箱,1411045-46,,华南,低,N,N
YM150104E,许昌富士通电梯有限公司(许昌德瑞电梯有限公司),S1.75D-H,0,BCC,无,DC110V,400*6*10*16-3G,有,默纳克,海1387,8米,,蓝光铭牌,D型，减震3套（赠，减震组合螺栓型号为：M16*40）,2015/1/1,AC380V,海蓝环保水性自干漆,DZE-14EA,,蓝光标准包装箱,,,华东2,低,N,N
YM150104H,许昌富士通电梯有限公司(许昌德瑞电梯有限公司),TA1.0C-H,0,MC,无,DC110V,400*5*10*16,有,默纳克,海1387,8米,,蓝光铭牌,D型，减震12套（赠，减震组合螺栓型号为：M16*40）,2015/1/1,AC380V,海蓝环保水性自干漆,WYT-TA.3(10簧）,,蓝光标准包装箱,,,华东2,低,N,N
YM141231B,杭州奥立达,TA1.5D-H,0,MC,无,DC110V,400*5*10*16,有,默纳克,海1387,7米,,奥立达铭牌1.1版本ALDWYT-T,D型，型号WYT前加大写ALD 奥立达包装箱,2015/1/1,AC380V,海蓝环保水性自干漆,WYT-TA.3(10簧）,,蓝光标准包装箱,2014-K-3821,,华东1,低,N,N
YM141231C,杭州奥立达,TA1.75D-H,0,MC,无,DC110V,400*5*10*16,有,默纳克,海1387,7米,,奥立达铭牌1.1版本ALDWYT-T,D型，型号WYT前加大写ALD 奥立达包装箱,2015/1/1,AC380V,海蓝环保水性自干漆,WYT-TA.3(10簧）,,蓝光标准包装箱,2014-K-3835,,华东1,低,N,N
YM141226B,杭州新马,曳引轮,0,,无,,400*5*10*16,无,,,,,,"木箱包装，WYT-S-3D(2.2版),S1.75C主机用,04年主机",2015/1/1,AC380V,海蓝环保水性自干漆,,,蓝光标准包装箱,,,华东1,低,N,N
GLR201501030001（14LS093）,苏州歌拉瑞,TA1.0B-H,0,MC,无,DC110V,400*4*10*16,无,默纳克,海1387,9米,,蓝光英文铭牌,D型壁挂器无厂址,2015/1/1,AC380V,煤灰色红色接线盒,WYT-TA.3A(10簧）,,蓝光标准包装箱,,,华东1,低,N,N
YS150104E,广东亚太西奥,TA1.0B-H,0,MC,无,DC110V,400*4*10*16,有,默纳克,海1387,7米,,广东亚太西奥铭牌,D型,2015/1/1,AC380V,海蓝环保水性自干漆,WYT-TA.3A(10簧）,,蓝光标准包装箱,XAK20141229-1,,华南,低,N,N
YE150105F,沃克斯电梯（上海腾能）,TA1.0D-H,0,MC,无,DC110V,400*5*10*16,有,新时达,海1387,9米,,蓝光铭牌检验报告,D型，沃克斯包装箱,2015/1/1,AC380V,海蓝环保水性自干漆,WYT-TA.3(10簧）,,特殊包装箱,V14NA980(WKS20150105012),,华东1,低,N,N
YS141231A,广东亚太西奥,TA1.0C-H,0,MC,无,DC110V,400*5*10*16,有,默纳克,海1387,7米,,广东亚太西奥铭牌,D型,2015/1/1,AC380V,海蓝环保水性自干漆,WYT-TA.3(10簧）,,蓝光标准包装箱,XAK20141223-2,,华南,低,N,N
YS141231D,广东亚太西奥,TA1.5E-H,0,MC,无,DC110V,400*5*10*16,有,默纳克,海1387,7米,,蓝光铭牌,D型,2015/1/1,AC380V,海蓝环保水性自干漆,WYT-TA.3(12簧）,,蓝光标准包装箱,XAK20141223-2,,华南,低,N,N
YE150105A,沃克斯电梯（上海腾能）,U1.75ES-H,0,MM,无,DC110V,480*6*12*18,有,新时达,海1387,9米,,蓝光铭牌检验报告,D型，沃克斯包装箱,2015/1/1,AC380V,海蓝环保水性自干漆,WYT-U.3(2T以下）,,特殊包装箱,V14NA964(WKS20140903432),,华东1,低,N,N
YS141231B,广东亚太西奥,U1.0ES-H,0,MM,无,DC110V,480*7*12*18,有,默纳克,海1387,7米,,蓝光铭牌,D型,2015/1/1,AC380V,海蓝环保水性自干漆,WYT-U.3(2T以下）,,蓝光标准包装箱,XAB20141215-4/5,,华南,低,N,N
PO01412310078,广州广日,U1.75ES-H,0,MM,无,DC110V,V480*7*10*16-2I,有,新时达,海1387,7米,,广日铭牌，作业号：16814997F,D型，提供原点值，V型带切口:100°、50°,2015/1/1,AC380V,豆绿色,WYT-U.3(2T以下）,,蓝光标准包装箱,,,华南,低,N,N
YS141230C,广州日创,S2.0D-H,0,BCC,无,AC220V,400*5*10*16,有,默纳克,海1387,7米,,蓝光铭牌主机铭牌随资料不安装在机器上,D型,2015/1/1,AC380V,中酞兰,DZE-14EB2,,蓝光标准包装箱,P000520141230,,华南,低,N,N
YE150104A,浙江怡达,TA1.5C-H,0,MC,无,DC110V,400*5*10*16,有,默纳克,海1387,8米,,怡达快速铭牌检验报告,D型，要原点值，怡达包装箱和装箱清单，带两张合格证，一张怡达合格证，一张蓝光 ,2015/1/1,AC380V,海蓝环保水性自干漆,WYT-TA.3(10簧）,,特殊包装箱,D100085/P-201501036,,华东1,低,N,N
710083,珠江中富,TA1.0A-H,0,MC,无,DC110V,400*4*10*16,无,默纳克,海1387,7米配,,珠江富士（中国）铭牌,D型 ,2015/1/1,AC380V,海蓝环保水性自干漆,WYT-TA.3A(10簧）,,蓝光标准包装箱,,,华南,低,N,N
711031,珠江中富,TA1.6A-H,0,MC,无,DC110V,400*4*10*16,有,默纳克,海1387,7米配,,"蓝光英文铭牌,铭牌载重打印400KG",D型,2015/1/1,AC380V,海蓝环保水性自干漆,WYT-TA.3A(10簧）,,蓝光标准包装箱,,,华南,低,N,N
YE150101B,浙江屹立,TA1.5B-H,0,MC,无,DC110V,400*4*10*16,有,蓝光一体化,海1387,7米,,蓝光铭牌,D型,2015/1/1,AC380V,海蓝环保水性自干漆,WYT-TA.3A(10簧）,,蓝光标准包装箱,150103(3209),,华东1,低,N,N
YM150104G,江苏鼎顺电梯,S1.0B-N,0,BCC,无,AC220V,400*4*10*16,有,富士,多8192,7米,,蓝光铭牌,散头,2015/1/1,AC380V,海蓝环保水性自干漆,DZE-14EB2,,蓝光标准包装箱,,,华东2,低,N,N
YM141231D,江苏菱智,U1.0DS-H,0,MM,无,DC110V,480*7*12*18,有,默纳克,海1387,7米,,蓝光铭牌,D型,2015/1/1,AC380V,海蓝环保水性自干漆,WYT-U.3(2T以下）,,蓝光标准包装箱,,,华东2,低,N,N
YM150104C,许昌富士通电梯有限公司(许昌德瑞电梯有限公司),S1.0D-H,0,BCC,无,DC110V,400*5*10*16,无,新时达,海1387,8米,7米,蓝光铭牌,D型，减震1套（赠，减震组合螺栓型号为：M16*40）,2015/1/1,AC380V,海蓝环保水性自干漆,DZE-14EA,,蓝光标准包装箱,,,华东2,低,N,N
YE141231L,江苏伯爵,TA0.5D-H,0,MC,无,DC110V,400*5*10*16,无,默纳克,海1387,8米,,蓝光铭牌 ,D型,2015/1/1,AC380V,海蓝环保水性自干漆,WYT-TA.3(10簧）,,蓝光标准包装箱,A14-Kn-0088/89,,华东1,低,N,N
YE141231M,江苏伯爵,TA1.5D-H,0,MC,无,DC110V,400*5*10*16,无,默纳克,海1387,8米,,蓝光铭牌 ,D型,2015/1/1,AC380V,海蓝环保水性自干漆,WYT-TA.3(10簧）,,蓝光标准包装箱,A14-Kn-0090AB,,华东1,低,N,N
YE2015-00653-,恒达富士,TA1.0D-H,0,MC,无,DC110V,400*5*10*16,有,富士,海1387,7米,,恒达富士铭牌MP-118 ,D型  工号：2015-00653-00654,2015/1/1,,海蓝环保水性自干漆,WYT-TA.3(10簧）,,蓝光标准包装箱,2015-00653-00,,华东1,低,N,N
YE2015-00679-,恒达富士,TA1.75C-H,0,MC,无,DC110V,400*5*10*16,有,富士,海1387,7米,, 蓝光铭牌 ,"D型  工号：2015-00679-80,83-84,87-91",2015/1/1,,海蓝环保水性自干漆,WYT-TA.3(10簧）,,蓝光标准包装箱,"2015-00679-80,",,华东1,低,N,N
YE2015-00681-,恒达富士,TA1.75D-H,0,MC,无,DC110V,400*5*10*16,有,富士,海1387,7米,, 蓝光铭牌 ,"D型  工号：2015-00681-82,85-86,92-95",2015/1/1,,海蓝环保水性自干漆,WYT-TA.3(10簧）,,蓝光标准包装箱,"2015-00681-82,",,华东1,低,N,N
